-- phpMyAdmin SQL Dump
-- version 4.8.5
-- https://www.phpmyadmin.net/
--
-- Hôte : 127.0.0.1:3306
-- Généré le :  jeu. 07 nov. 2019 à 11:02
-- Version du serveur :  5.7.26
-- Version de PHP :  7.2.18

SET SQL_MODE = "NO_AUTO_VALUE_ON_ZERO";
SET AUTOCOMMIT = 0;
START TRANSACTION;
SET time_zone = "+00:00";


/*!40101 SET @OLD_CHARACTER_SET_CLIENT=@@CHARACTER_SET_CLIENT */;
/*!40101 SET @OLD_CHARACTER_SET_RESULTS=@@CHARACTER_SET_RESULTS */;
/*!40101 SET @OLD_COLLATION_CONNECTION=@@COLLATION_CONNECTION */;
/*!40101 SET NAMES utf8mb4 */;

--
-- Base de données :  `gsbfrais`
--

-- --------------------------------------------------------

--
-- Structure de la table `etat`
--

DROP TABLE IF EXISTS `etat`;
CREATE TABLE IF NOT EXISTS `etat` (
  `id` char(2) NOT NULL,
  `libelle` varchar(30) DEFAULT NULL,
  PRIMARY KEY (`id`)
) ENGINE=InnoDB DEFAULT CHARSET=latin1;

--
-- Déchargement des données de la table `etat`
--

INSERT INTO `etat` (`id`, `libelle`) VALUES
('CL', 'Saisie cl?tur'),
('CR', 'Fiche cr??e, saisie en cours'),
('RB', 'Rembours'),
('VA', 'Valid?e et mise en paiement');

-- --------------------------------------------------------

--
-- Structure de la table `fichefrais`
--

DROP TABLE IF EXISTS `fichefrais`;
CREATE TABLE IF NOT EXISTS `fichefrais` (
  `idVisiteur` char(4) NOT NULL,
  `mois` char(6) NOT NULL,
  `nbJustificatifs` int(11) DEFAULT NULL,
  `montantValide` decimal(10,2) DEFAULT NULL,
  `dateModif` date DEFAULT NULL,
  `idEtat` char(2) DEFAULT 'CR',
  PRIMARY KEY (`idVisiteur`,`mois`),
  KEY `idEtat` (`idEtat`)
) ENGINE=InnoDB DEFAULT CHARSET=latin1;

--
-- Déchargement des données de la table `fichefrais`
--

INSERT INTO `fichefrais` (`idVisiteur`, `mois`, `nbJustificatifs`, `montantValide`, `dateModif`, `idEtat`) VALUES
('a131', '201901', 0, '1520.16', '2019-03-01', 'RB'),
('a131', '201902', 8, '1135.81', '2019-04-05', 'RB'),
('a131', '201903', 12, '873.07', '2019-05-05', 'RB'),
('a131', '201904', 2, '1139.28', '2019-06-06', 'RB'),
('a131', '201905', 8, '643.58', '2019-07-07', 'RB'),
('a131', '201906', 1, '1311.11', '2019-08-01', 'RB'),
('a131', '201907', 8, '2030.30', '2019-09-05', 'RB'),
('a131', '201908', 1, '636.83', '2019-10-03', 'RB'),
('a131', '201909', 7, '1404.81', '2019-10-02', 'VA'),
('a131', '201910', 12, '0.00', '2019-10-02', 'CR'),
('a131', '201911', 0, '0.00', '2019-11-07', 'CR'),
('a17', '201901', 9, '398.57', '2019-03-03', 'RB'),
('a17', '201902', 8, '603.89', '2019-04-01', 'RB'),
('a17', '201903', 1, '1934.73', '2019-05-04', 'RB'),
('a17', '201904', 4, '2083.72', '2019-06-06', 'RB'),
('a17', '201905', 4, '954.93', '2019-07-05', 'RB'),
('a17', '201906', 0, '663.50', '2019-08-03', 'RB'),
('a17', '201907', 9, '1019.48', '2019-09-04', 'RB'),
('a17', '201908', 5, '1392.28', '2019-10-02', 'RB'),
('a17', '201909', 2, '508.07', '2019-10-01', 'VA'),
('a17', '201910', 2, '0.00', '2019-10-08', 'CR'),
('a55', '201901', 5, '1608.02', '2019-03-03', 'RB'),
('a55', '201902', 10, '1257.13', '2019-04-04', 'RB'),
('a55', '201903', 7, '1785.84', '2019-05-07', 'RB'),
('a55', '201904', 0, '1649.08', '2019-06-01', 'RB'),
('a55', '201905', 4, '1158.24', '2019-07-03', 'RB'),
('a55', '201906', 12, '1634.47', '2019-08-01', 'RB'),
('a55', '201907', 3, '1368.63', '2019-09-07', 'RB'),
('a55', '201908', 6, '480.43', '2019-10-08', 'RB'),
('a55', '201909', 4, '1208.02', '2019-10-07', 'VA'),
('a55', '201910', 4, '0.00', '2019-10-02', 'CR'),
('a93', '201901', 5, '1205.70', '2019-03-06', 'RB'),
('a93', '201902', 9, '1416.65', '2019-04-06', 'RB'),
('a93', '201903', 0, '956.06', '2019-05-02', 'RB'),
('a93', '201904', 12, '690.16', '2019-06-04', 'RB'),
('a93', '201905', 1, '866.75', '2019-07-06', 'RB'),
('a93', '201906', 3, '962.56', '2019-08-08', 'RB'),
('a93', '201907', 5, '1708.82', '2019-09-04', 'RB'),
('a93', '201908', 0, '1053.52', '2019-10-01', 'RB'),
('a93', '201909', 6, '1973.93', '2019-10-07', 'VA'),
('a93', '201910', 9, '0.00', '2019-10-05', 'CR'),
('b13', '201901', 8, '455.11', '2019-03-07', 'RB'),
('b13', '201902', 0, '511.26', '2019-04-05', 'RB'),
('b13', '201903', 12, '677.75', '2019-05-08', 'RB'),
('b13', '201904', 9, '1457.30', '2019-06-02', 'RB'),
('b13', '201905', 4, '1463.64', '2019-07-02', 'RB'),
('b13', '201906', 2, '248.07', '2019-08-01', 'RB'),
('b13', '201907', 3, '286.98', '2019-09-03', 'RB'),
('b13', '201908', 5, '1321.42', '2019-10-07', 'RB'),
('b13', '201909', 6, '1068.40', '2019-10-01', 'VA'),
('b13', '201910', 2, '0.00', '2019-10-07', 'CR'),
('b16', '201901', 5, '453.38', '2019-03-07', 'RB'),
('b16', '201902', 10, '1101.88', '2019-04-06', 'RB'),
('b16', '201903', 3, '416.94', '2019-05-03', 'RB'),
('b16', '201904', 10, '843.61', '2019-06-04', 'RB'),
('b16', '201905', 9, '690.41', '2019-07-05', 'RB'),
('b16', '201906', 4, '1798.39', '2019-08-06', 'RB'),
('b16', '201907', 3, '934.49', '2019-09-04', 'RB'),
('b16', '201908', 6, '390.83', '2019-10-04', 'RB'),
('b16', '201909', 5, '524.85', '2019-10-07', 'VA'),
('b16', '201910', 1, '0.00', '2019-10-01', 'CR'),
('b19', '201901', 8, '972.54', '2019-03-03', 'RB'),
('b19', '201902', 3, '2306.94', '2019-04-07', 'RB'),
('b19', '201903', 12, '423.69', '2019-05-02', 'RB'),
('b19', '201904', 11, '568.75', '2019-06-01', 'RB'),
('b19', '201905', 8, '1428.05', '2019-07-07', 'RB'),
('b19', '201906', 8, '597.87', '2019-08-05', 'RB'),
('b19', '201907', 4, '530.11', '2019-09-07', 'RB'),
('b19', '201908', 2, '1427.01', '2019-10-05', 'RB'),
('b19', '201909', 5, '575.68', '2019-10-03', 'VA'),
('b19', '201910', 9, '0.00', '2019-10-05', 'CR'),
('b25', '201901', 11, '509.16', '2019-03-01', 'RB'),
('b25', '201902', 7, '773.52', '2019-04-06', 'RB'),
('b25', '201903', 2, '503.16', '2019-05-07', 'RB'),
('b25', '201904', 8, '2415.22', '2019-06-04', 'RB'),
('b25', '201905', 10, '408.51', '2019-07-05', 'RB'),
('b25', '201906', 3, '1455.35', '2019-08-06', 'RB'),
('b25', '201907', 6, '1398.09', '2019-09-07', 'RB'),
('b25', '201908', 7, '894.48', '2019-10-07', 'RB'),
('b25', '201909', 10, '359.16', '2019-10-08', 'VA'),
('b25', '201910', 4, '0.00', '2019-10-04', 'CR'),
('b28', '201901', 1, '687.91', '2019-03-02', 'RB'),
('b28', '201902', 1, '1109.20', '2019-04-04', 'RB'),
('b28', '201903', 0, '851.12', '2019-05-07', 'RB'),
('b28', '201904', 6, '1097.80', '2019-06-05', 'RB'),
('b28', '201905', 12, '1117.87', '2019-07-04', 'RB'),
('b28', '201906', 10, '986.59', '2019-08-04', 'RB'),
('b28', '201907', 9, '434.35', '2019-09-03', 'RB'),
('b28', '201908', 6, '1222.70', '2019-10-03', 'RB'),
('b28', '201909', 6, '408.64', '2019-10-08', 'VA'),
('b28', '201910', 7, '0.00', '2019-10-02', 'CR'),
('b34', '201901', 1, '468.72', '2019-03-02', 'RB'),
('b34', '201902', 6, '761.72', '2019-04-01', 'RB'),
('b34', '201903', 7, '999.69', '2019-05-03', 'RB'),
('b34', '201904', 0, '694.81', '2019-06-05', 'RB'),
('b34', '201905', 2, '963.13', '2019-07-05', 'RB'),
('b34', '201906', 7, '712.06', '2019-08-07', 'RB'),
('b34', '201907', 8, '1266.34', '2019-09-01', 'RB'),
('b34', '201908', 11, '879.07', '2019-10-08', 'RB'),
('b34', '201909', 3, '608.46', '2019-10-01', 'VA'),
('b34', '201910', 8, '0.00', '2019-10-08', 'CR'),
('b4', '201901', 1, '1155.81', '2019-03-02', 'RB'),
('b4', '201902', 1, '2857.74', '2019-04-04', 'RB'),
('b4', '201903', 9, '455.97', '2019-05-02', 'RB'),
('b4', '201904', 2, '537.59', '2019-06-05', 'RB'),
('b4', '201905', 9, '266.76', '2019-07-05', 'RB'),
('b4', '201906', 6, '1352.88', '2019-08-06', 'RB'),
('b4', '201907', 9, '412.58', '2019-09-03', 'RB'),
('b4', '201908', 0, '818.34', '2019-10-05', 'RB'),
('b4', '201909', 0, '1146.07', '2019-10-06', 'VA'),
('b4', '201910', 0, '0.00', '2019-10-04', 'CR'),
('b50', '201901', 10, '1712.48', '2019-03-03', 'RB'),
('b50', '201902', 3, '861.15', '2019-04-02', 'RB'),
('b50', '201903', 2, '586.05', '2019-05-06', 'RB'),
('b50', '201904', 2, '1077.92', '2019-06-02', 'RB'),
('b50', '201905', 5, '1100.01', '2019-07-03', 'RB'),
('b50', '201906', 9, '1353.30', '2019-08-07', 'RB'),
('b50', '201907', 7, '2424.61', '2019-09-03', 'RB'),
('b50', '201908', 0, '1207.54', '2019-10-04', 'RB'),
('b50', '201909', 0, '1013.36', '2019-10-04', 'VA'),
('b50', '201910', 11, '0.00', '2019-10-03', 'CR'),
('b59', '201901', 9, '567.26', '2019-03-08', 'RB'),
('b59', '201902', 4, '2381.89', '2019-04-07', 'RB'),
('b59', '201903', 11, '772.43', '2019-05-04', 'RB'),
('b59', '201904', 0, '501.07', '2019-06-04', 'RB'),
('b59', '201905', 6, '1376.37', '2019-07-08', 'RB'),
('b59', '201906', 2, '1209.38', '2019-08-03', 'RB'),
('b59', '201907', 10, '822.64', '2019-09-03', 'RB'),
('b59', '201908', 6, '483.97', '2019-10-07', 'RB'),
('b59', '201909', 12, '1243.55', '2019-10-06', 'VA'),
('b59', '201910', 12, '0.00', '2019-10-08', 'CR'),
('c14', '201901', 11, '484.66', '2019-03-02', 'RB'),
('c14', '201902', 7, '1325.27', '2019-04-05', 'RB'),
('c14', '201903', 9, '1291.86', '2019-05-06', 'RB'),
('c14', '201904', 10, '999.10', '2019-06-01', 'RB'),
('c14', '201905', 12, '1712.92', '2019-07-08', 'RB'),
('c14', '201906', 2, '1304.35', '2019-08-03', 'RB'),
('c14', '201907', 10, '739.18', '2019-09-07', 'RB'),
('c14', '201908', 3, '740.85', '2019-10-01', 'RB'),
('c14', '201909', 8, '229.15', '2019-10-03', 'VA'),
('c14', '201910', 4, '0.00', '2019-10-01', 'CR'),
('c3', '201901', 5, '427.68', '2019-03-04', 'RB'),
('c3', '201902', 8, '813.69', '2019-04-08', 'RB'),
('c3', '201903', 11, '1035.15', '2019-05-05', 'RB'),
('c3', '201904', 7, '973.74', '2019-06-04', 'RB'),
('c3', '201905', 2, '510.48', '2019-07-03', 'RB'),
('c3', '201906', 11, '438.79', '2019-08-07', 'RB'),
('c3', '201907', 1, '1345.60', '2019-09-04', 'RB'),
('c3', '201908', 8, '1012.42', '2019-10-07', 'RB'),
('c3', '201909', 8, '236.77', '2019-10-07', 'VA'),
('c3', '201910', 3, '0.00', '2019-10-03', 'CR'),
('c54', '201901', 10, '573.56', '2019-03-03', 'RB'),
('c54', '201902', 5, '721.51', '2019-04-08', 'RB'),
('c54', '201903', 11, '542.38', '2019-05-06', 'RB'),
('c54', '201904', 2, '2018.10', '2019-06-07', 'RB'),
('c54', '201905', 9, '351.24', '2019-07-05', 'RB'),
('c54', '201906', 4, '1525.72', '2019-08-07', 'RB'),
('c54', '201907', 10, '465.17', '2019-09-02', 'RB'),
('c54', '201908', 0, '658.00', '2019-10-01', 'RB'),
('c54', '201909', 0, '517.02', '2019-10-02', 'VA'),
('c54', '201910', 2, '0.00', '2019-10-03', 'CR'),
('d13', '201901', 9, '1285.34', '2019-03-07', 'RB'),
('d13', '201902', 7, '1142.93', '2019-04-04', 'RB'),
('d13', '201903', 9, '591.52', '2019-05-03', 'RB'),
('d13', '201904', 3, '1231.50', '2019-06-06', 'RB'),
('d13', '201905', 10, '309.41', '2019-07-05', 'RB'),
('d13', '201906', 0, '453.84', '2019-08-01', 'RB'),
('d13', '201907', 5, '1499.80', '2019-09-01', 'RB'),
('d13', '201908', 11, '1589.43', '2019-10-07', 'RB'),
('d13', '201909', 7, '1875.37', '2019-10-08', 'VA'),
('d13', '201910', 0, '0.00', '2019-10-04', 'CR'),
('d51', '201901', 10, '517.98', '2019-03-04', 'RB'),
('d51', '201902', 8, '1459.39', '2019-04-01', 'RB'),
('d51', '201903', 2, '1876.79', '2019-05-08', 'RB'),
('d51', '201904', 7, '1345.50', '2019-06-01', 'RB'),
('d51', '201905', 0, '1493.35', '2019-07-03', 'RB'),
('d51', '201906', 4, '326.27', '2019-08-02', 'RB'),
('d51', '201907', 1, '710.17', '2019-09-06', 'RB'),
('d51', '201908', 1, '999.09', '2019-10-03', 'RB'),
('d51', '201909', 12, '1364.02', '2019-10-05', 'VA'),
('d51', '201910', 12, '0.00', '2019-10-03', 'CR'),
('e22', '201901', 2, '585.90', '2019-03-02', 'RB'),
('e22', '201902', 10, '760.95', '2019-04-03', 'RB'),
('e22', '201903', 6, '446.46', '2019-05-03', 'RB'),
('e22', '201904', 9, '684.78', '2019-06-08', 'RB'),
('e22', '201905', 9, '1426.71', '2019-07-07', 'RB'),
('e22', '201906', 4, '1231.24', '2019-08-02', 'RB'),
('e22', '201907', 5, '569.13', '2019-09-01', 'RB'),
('e22', '201908', 10, '468.68', '2019-10-04', 'RB'),
('e22', '201909', 10, '734.48', '2019-10-05', 'VA'),
('e22', '201910', 11, '0.00', '2019-10-04', 'CR'),
('e24', '201901', 5, '638.66', '2019-03-02', 'RB'),
('e24', '201902', 2, '567.12', '2019-04-04', 'RB'),
('e24', '201903', 2, '1372.05', '2019-05-04', 'RB'),
('e24', '201904', 6, '1217.93', '2019-06-01', 'RB'),
('e24', '201905', 6, '335.02', '2019-07-05', 'RB'),
('e24', '201906', 10, '949.71', '2019-08-02', 'RB'),
('e24', '201907', 3, '1297.18', '2019-09-04', 'RB'),
('e24', '201908', 9, '482.52', '2019-10-06', 'RB'),
('e24', '201909', 10, '1256.08', '2019-10-05', 'VA'),
('e24', '201910', 4, '0.00', '2019-10-08', 'CR'),
('e39', '201901', 4, '580.30', '2019-03-04', 'RB'),
('e39', '201902', 3, '1794.57', '2019-04-08', 'RB'),
('e39', '201903', 4, '572.24', '2019-05-07', 'RB'),
('e39', '201904', 2, '1437.70', '2019-06-01', 'RB'),
('e39', '201905', 0, '549.81', '2019-07-06', 'RB'),
('e39', '201906', 0, '940.65', '2019-08-02', 'RB'),
('e39', '201907', 3, '855.25', '2019-09-05', 'RB'),
('e39', '201908', 5, '899.11', '2019-10-07', 'RB'),
('e39', '201909', 0, '2362.58', '2019-10-02', 'VA'),
('e39', '201910', 7, '0.00', '2019-10-06', 'CR'),
('e49', '201901', 8, '535.50', '2019-03-08', 'RB'),
('e49', '201902', 3, '1534.69', '2019-04-08', 'RB'),
('e49', '201903', 1, '2718.81', '2019-05-08', 'RB'),
('e49', '201904', 4, '437.22', '2019-06-01', 'RB'),
('e49', '201905', 0, '489.85', '2019-07-07', 'RB'),
('e49', '201906', 3, '716.86', '2019-08-04', 'RB'),
('e49', '201907', 9, '457.91', '2019-09-04', 'RB'),
('e49', '201908', 3, '2219.95', '2019-10-04', 'RB'),
('e49', '201909', 1, '1763.52', '2019-10-06', 'VA'),
('e49', '201910', 11, '0.00', '2019-10-03', 'CR'),
('e5', '201901', 8, '355.53', '2019-03-03', 'RB'),
('e5', '201902', 5, '1091.65', '2019-04-03', 'RB'),
('e5', '201903', 0, '1432.63', '2019-05-06', 'RB'),
('e5', '201904', 5, '771.18', '2019-06-06', 'RB'),
('e5', '201905', 10, '651.46', '2019-07-07', 'RB'),
('e5', '201906', 12, '547.37', '2019-08-03', 'RB'),
('e5', '201907', 4, '576.85', '2019-09-02', 'RB'),
('e5', '201908', 8, '815.89', '2019-10-03', 'RB'),
('e5', '201909', 3, '1404.93', '2019-10-03', 'VA'),
('e5', '201910', 7, '0.00', '2019-10-04', 'CR'),
('e52', '201901', 7, '872.01', '2019-03-01', 'RB'),
('e52', '201902', 4, '623.55', '2019-04-03', 'RB'),
('e52', '201903', 11, '447.55', '2019-05-04', 'RB'),
('e52', '201904', 4, '1350.62', '2019-06-02', 'RB'),
('e52', '201905', 1, '1133.04', '2019-07-08', 'RB'),
('e52', '201906', 9, '1389.64', '2019-08-06', 'RB'),
('e52', '201907', 5, '884.05', '2019-09-02', 'RB'),
('e52', '201908', 9, '963.54', '2019-10-06', 'RB'),
('e52', '201909', 10, '1407.46', '2019-10-05', 'VA'),
('e52', '201910', 11, '0.00', '2019-10-07', 'CR'),
('f21', '201901', 12, '1160.38', '2019-03-03', 'RB'),
('f21', '201902', 1, '493.73', '2019-04-07', 'RB'),
('f21', '201903', 5, '624.10', '2019-05-08', 'RB'),
('f21', '201904', 1, '829.94', '2019-06-05', 'RB'),
('f21', '201905', 8, '240.12', '2019-07-02', 'RB'),
('f21', '201906', 0, '435.22', '2019-08-06', 'RB'),
('f21', '201907', 2, '1479.89', '2019-09-08', 'RB'),
('f21', '201908', 9, '584.00', '2019-10-08', 'RB'),
('f21', '201909', 2, '749.40', '2019-10-08', 'VA'),
('f21', '201910', 5, '0.00', '2019-10-08', 'CR'),
('f39', '201901', 8, '471.04', '2019-03-06', 'RB'),
('f39', '201902', 1, '429.18', '2019-04-02', 'RB'),
('f39', '201903', 8, '1510.77', '2019-05-06', 'RB'),
('f39', '201904', 0, '283.39', '2019-06-06', 'RB'),
('f39', '201905', 9, '337.33', '2019-07-05', 'RB'),
('f39', '201906', 0, '1540.89', '2019-08-02', 'RB'),
('f39', '201907', 4, '608.59', '2019-09-04', 'RB'),
('f39', '201908', 2, '924.37', '2019-10-08', 'RB'),
('f39', '201909', 5, '656.69', '2019-10-01', 'VA'),
('f39', '201910', 0, '0.00', '2019-10-04', 'CR'),
('f4', '201901', 2, '504.46', '2019-03-02', 'RB'),
('f4', '201902', 11, '903.84', '2019-04-02', 'RB'),
('f4', '201903', 7, '469.13', '2019-05-04', 'RB'),
('f4', '201904', 0, '1669.29', '2019-06-06', 'RB'),
('f4', '201905', 6, '316.17', '2019-07-02', 'RB'),
('f4', '201906', 9, '1567.33', '2019-08-01', 'RB'),
('f4', '201907', 4, '1931.33', '2019-09-07', 'RB'),
('f4', '201908', 12, '2218.37', '2019-10-05', 'RB'),
('f4', '201909', 11, '1087.92', '2019-10-05', 'VA'),
('f4', '201910', 12, '0.00', '2019-10-01', 'CR');

-- --------------------------------------------------------

--
-- Structure de la table `fraisforfait`
--

DROP TABLE IF EXISTS `fraisforfait`;
CREATE TABLE IF NOT EXISTS `fraisforfait` (
  `id` char(3) NOT NULL,
  `libelle` char(20) DEFAULT NULL,
  `montant` decimal(5,2) DEFAULT NULL,
  PRIMARY KEY (`id`)
) ENGINE=InnoDB DEFAULT CHARSET=latin1;

--
-- Déchargement des données de la table `fraisforfait`
--

INSERT INTO `fraisforfait` (`id`, `libelle`, `montant`) VALUES
('ETP', 'Forfait Etape', '110.00'),
('KM', 'Frais kilom?trique', '0.62'),
('NUI', 'Nuit?e H?tel', '80.00'),
('REP', 'Repas Restaurant', '25.00');

-- --------------------------------------------------------

--
-- Structure de la table `lignefraisforfait`
--

DROP TABLE IF EXISTS `lignefraisforfait`;
CREATE TABLE IF NOT EXISTS `lignefraisforfait` (
  `idVisiteur` char(4) NOT NULL,
  `mois` char(6) NOT NULL,
  `idFraisForfait` char(3) NOT NULL,
  `quantite` int(11) DEFAULT NULL,
  PRIMARY KEY (`idVisiteur`,`mois`,`idFraisForfait`),
  KEY `idFraisForfait` (`idFraisForfait`)
) ENGINE=InnoDB DEFAULT CHARSET=latin1;

--
-- Déchargement des données de la table `lignefraisforfait`
--

INSERT INTO `lignefraisforfait` (`idVisiteur`, `mois`, `idFraisForfait`, `quantite`) VALUES
('a131', '201901', 'ETP', 0),
('a131', '201901', 'KM', 746),
('a131', '201901', 'NUI', 0),
('a131', '201901', 'REP', 0),
('a131', '201902', 'ETP', 0),
('a131', '201902', 'KM', 762),
('a131', '201902', 'NUI', 0),
('a131', '201902', 'REP', 0),
('a131', '201903', 'ETP', 0),
('a131', '201903', 'KM', 457),
('a131', '201903', 'NUI', 0),
('a131', '201903', 'REP', 0),
('a131', '201904', 'ETP', 0),
('a131', '201904', 'KM', 727),
('a131', '201904', 'NUI', 0),
('a131', '201904', 'REP', 0),
('a131', '201905', 'ETP', 0),
('a131', '201905', 'KM', 907),
('a131', '201905', 'NUI', 0),
('a131', '201905', 'REP', 0),
('a131', '201906', 'ETP', 0),
('a131', '201906', 'KM', 826),
('a131', '201906', 'NUI', 0),
('a131', '201906', 'REP', 0),
('a131', '201907', 'ETP', 0),
('a131', '201907', 'KM', 471),
('a131', '201907', 'NUI', 0),
('a131', '201907', 'REP', 0),
('a131', '201908', 'ETP', 0),
('a131', '201908', 'KM', 901),
('a131', '201908', 'NUI', 0),
('a131', '201908', 'REP', 0),
('a131', '201909', 'ETP', 0),
('a131', '201909', 'KM', 623),
('a131', '201909', 'NUI', 0),
('a131', '201909', 'REP', 0),
('a131', '201910', 'ETP', 0),
('a131', '201910', 'KM', 552),
('a131', '201910', 'NUI', 0),
('a131', '201910', 'REP', 0),
('a131', '201911', 'ETP', 0),
('a131', '201911', 'KM', 0),
('a131', '201911', 'NUI', 0),
('a131', '201911', 'REP', 0),
('a17', '201901', 'ETP', 0),
('a17', '201901', 'KM', 563),
('a17', '201901', 'NUI', 0),
('a17', '201901', 'REP', 0),
('a17', '201902', 'ETP', 0),
('a17', '201902', 'KM', 660),
('a17', '201902', 'NUI', 0),
('a17', '201902', 'REP', 0),
('a17', '201903', 'ETP', 0),
('a17', '201903', 'KM', 681),
('a17', '201903', 'NUI', 0),
('a17', '201903', 'REP', 0),
('a17', '201904', 'ETP', 0),
('a17', '201904', 'KM', 438),
('a17', '201904', 'NUI', 0),
('a17', '201904', 'REP', 0),
('a17', '201905', 'ETP', 0),
('a17', '201905', 'KM', 546),
('a17', '201905', 'NUI', 0),
('a17', '201905', 'REP', 0),
('a17', '201906', 'ETP', 0),
('a17', '201906', 'KM', 475),
('a17', '201906', 'NUI', 0),
('a17', '201906', 'REP', 0),
('a17', '201907', 'ETP', 0),
('a17', '201907', 'KM', 804),
('a17', '201907', 'NUI', 0),
('a17', '201907', 'REP', 0),
('a17', '201908', 'ETP', 0),
('a17', '201908', 'KM', 747),
('a17', '201908', 'NUI', 0),
('a17', '201908', 'REP', 0),
('a17', '201909', 'ETP', 0),
('a17', '201909', 'KM', 646),
('a17', '201909', 'NUI', 0),
('a17', '201909', 'REP', 0),
('a17', '201910', 'ETP', 0),
('a17', '201910', 'KM', 321),
('a17', '201910', 'NUI', 0),
('a17', '201910', 'REP', 0),
('a55', '201901', 'ETP', 0),
('a55', '201901', 'KM', 821),
('a55', '201901', 'NUI', 0),
('a55', '201901', 'REP', 0),
('a55', '201902', 'ETP', 0),
('a55', '201902', 'KM', 833),
('a55', '201902', 'NUI', 0),
('a55', '201902', 'REP', 0),
('a55', '201903', 'ETP', 0),
('a55', '201903', 'KM', 882),
('a55', '201903', 'NUI', 0),
('a55', '201903', 'REP', 0),
('a55', '201904', 'ETP', 0),
('a55', '201904', 'KM', 995),
('a55', '201904', 'NUI', 0),
('a55', '201904', 'REP', 0),
('a55', '201905', 'ETP', 0),
('a55', '201905', 'KM', 637),
('a55', '201905', 'NUI', 0),
('a55', '201905', 'REP', 0),
('a55', '201906', 'ETP', 0),
('a55', '201906', 'KM', 690),
('a55', '201906', 'NUI', 0),
('a55', '201906', 'REP', 0),
('a55', '201907', 'ETP', 0),
('a55', '201907', 'KM', 813),
('a55', '201907', 'NUI', 0),
('a55', '201907', 'REP', 0),
('a55', '201908', 'ETP', 0),
('a55', '201908', 'KM', 687),
('a55', '201908', 'NUI', 0),
('a55', '201908', 'REP', 0),
('a55', '201909', 'ETP', 0),
('a55', '201909', 'KM', 371),
('a55', '201909', 'NUI', 0),
('a55', '201909', 'REP', 0),
('a55', '201910', 'ETP', 0),
('a55', '201910', 'KM', 525),
('a55', '201910', 'NUI', 0),
('a55', '201910', 'REP', 0),
('a93', '201901', 'ETP', 0),
('a93', '201901', 'KM', 896),
('a93', '201901', 'NUI', 0),
('a93', '201901', 'REP', 0),
('a93', '201902', 'ETP', 0),
('a93', '201902', 'KM', 708),
('a93', '201902', 'NUI', 0),
('a93', '201902', 'REP', 0),
('a93', '201903', 'ETP', 0),
('a93', '201903', 'KM', 863),
('a93', '201903', 'NUI', 0),
('a93', '201903', 'REP', 0),
('a93', '201904', 'ETP', 0),
('a93', '201904', 'KM', 693),
('a93', '201904', 'NUI', 0),
('a93', '201904', 'REP', 0),
('a93', '201905', 'ETP', 0),
('a93', '201905', 'KM', 876),
('a93', '201905', 'NUI', 0),
('a93', '201905', 'REP', 0),
('a93', '201906', 'ETP', 0),
('a93', '201906', 'KM', 748),
('a93', '201906', 'NUI', 0),
('a93', '201906', 'REP', 0),
('a93', '201907', 'ETP', 0),
('a93', '201907', 'KM', 349),
('a93', '201907', 'NUI', 0),
('a93', '201907', 'REP', 0),
('a93', '201908', 'ETP', 0),
('a93', '201908', 'KM', 645),
('a93', '201908', 'NUI', 0),
('a93', '201908', 'REP', 0),
('a93', '201909', 'ETP', 0),
('a93', '201909', 'KM', 324),
('a93', '201909', 'NUI', 0),
('a93', '201909', 'REP', 0),
('a93', '201910', 'ETP', 0),
('a93', '201910', 'KM', 982),
('a93', '201910', 'NUI', 0),
('a93', '201910', 'REP', 0),
('b13', '201901', 'ETP', 0),
('b13', '201901', 'KM', 714),
('b13', '201901', 'NUI', 0),
('b13', '201901', 'REP', 0),
('b13', '201902', 'ETP', 0),
('b13', '201902', 'KM', 629),
('b13', '201902', 'NUI', 0),
('b13', '201902', 'REP', 0),
('b13', '201903', 'ETP', 0),
('b13', '201903', 'KM', 321),
('b13', '201903', 'NUI', 0),
('b13', '201903', 'REP', 0),
('b13', '201904', 'ETP', 0),
('b13', '201904', 'KM', 700),
('b13', '201904', 'NUI', 0),
('b13', '201904', 'REP', 0),
('b13', '201905', 'ETP', 0),
('b13', '201905', 'KM', 341),
('b13', '201905', 'NUI', 0),
('b13', '201905', 'REP', 0),
('b13', '201906', 'ETP', 0),
('b13', '201906', 'KM', 396),
('b13', '201906', 'NUI', 0),
('b13', '201906', 'REP', 0),
('b13', '201907', 'ETP', 0),
('b13', '201907', 'KM', 324),
('b13', '201907', 'NUI', 0),
('b13', '201907', 'REP', 0),
('b13', '201908', 'ETP', 0),
('b13', '201908', 'KM', 974),
('b13', '201908', 'NUI', 0),
('b13', '201908', 'REP', 0),
('b13', '201909', 'ETP', 0),
('b13', '201909', 'KM', 365),
('b13', '201909', 'NUI', 0),
('b13', '201909', 'REP', 0),
('b13', '201910', 'ETP', 0),
('b13', '201910', 'KM', 816),
('b13', '201910', 'NUI', 0),
('b13', '201910', 'REP', 0),
('b16', '201901', 'ETP', 0),
('b16', '201901', 'KM', 856),
('b16', '201901', 'NUI', 0),
('b16', '201901', 'REP', 0),
('b16', '201902', 'ETP', 0),
('b16', '201902', 'KM', 423),
('b16', '201902', 'NUI', 0),
('b16', '201902', 'REP', 0),
('b16', '201903', 'ETP', 0),
('b16', '201903', 'KM', 496),
('b16', '201903', 'NUI', 0),
('b16', '201903', 'REP', 0),
('b16', '201904', 'ETP', 0),
('b16', '201904', 'KM', 898),
('b16', '201904', 'NUI', 0),
('b16', '201904', 'REP', 0),
('b16', '201905', 'ETP', 0),
('b16', '201905', 'KM', 908),
('b16', '201905', 'NUI', 0),
('b16', '201905', 'REP', 0),
('b16', '201906', 'ETP', 0),
('b16', '201906', 'KM', 386),
('b16', '201906', 'NUI', 0),
('b16', '201906', 'REP', 0),
('b16', '201907', 'ETP', 0),
('b16', '201907', 'KM', 751),
('b16', '201907', 'NUI', 0),
('b16', '201907', 'REP', 0),
('b16', '201908', 'ETP', 0),
('b16', '201908', 'KM', 647),
('b16', '201908', 'NUI', 0),
('b16', '201908', 'REP', 0),
('b16', '201909', 'ETP', 0),
('b16', '201909', 'KM', 788),
('b16', '201909', 'NUI', 0),
('b16', '201909', 'REP', 0),
('b16', '201910', 'ETP', 0),
('b16', '201910', 'KM', 701),
('b16', '201910', 'NUI', 0),
('b16', '201910', 'REP', 0),
('b19', '201901', 'ETP', 0),
('b19', '201901', 'KM', 913),
('b19', '201901', 'NUI', 0),
('b19', '201901', 'REP', 0),
('b19', '201902', 'ETP', 0),
('b19', '201902', 'KM', 978),
('b19', '201902', 'NUI', 0),
('b19', '201902', 'REP', 0),
('b19', '201903', 'ETP', 0),
('b19', '201903', 'KM', 483),
('b19', '201903', 'NUI', 0),
('b19', '201903', 'REP', 0),
('b19', '201904', 'ETP', 0),
('b19', '201904', 'KM', 450),
('b19', '201904', 'NUI', 0),
('b19', '201904', 'REP', 0),
('b19', '201905', 'ETP', 0),
('b19', '201905', 'KM', 369),
('b19', '201905', 'NUI', 0),
('b19', '201905', 'REP', 0),
('b19', '201906', 'ETP', 0),
('b19', '201906', 'KM', 928),
('b19', '201906', 'NUI', 0),
('b19', '201906', 'REP', 0),
('b19', '201907', 'ETP', 0),
('b19', '201907', 'KM', 572),
('b19', '201907', 'NUI', 0),
('b19', '201907', 'REP', 0),
('b19', '201908', 'ETP', 0),
('b19', '201908', 'KM', 799),
('b19', '201908', 'NUI', 0),
('b19', '201908', 'REP', 0),
('b19', '201909', 'ETP', 0),
('b19', '201909', 'KM', 485),
('b19', '201909', 'NUI', 0),
('b19', '201909', 'REP', 0),
('b19', '201910', 'ETP', 0),
('b19', '201910', 'KM', 806),
('b19', '201910', 'NUI', 0),
('b19', '201910', 'REP', 0),
('b25', '201901', 'ETP', 0),
('b25', '201901', 'KM', 504),
('b25', '201901', 'NUI', 0),
('b25', '201901', 'REP', 0),
('b25', '201902', 'ETP', 0),
('b25', '201902', 'KM', 800),
('b25', '201902', 'NUI', 0),
('b25', '201902', 'REP', 0),
('b25', '201903', 'ETP', 0),
('b25', '201903', 'KM', 794),
('b25', '201903', 'NUI', 0),
('b25', '201903', 'REP', 0),
('b25', '201904', 'ETP', 0),
('b25', '201904', 'KM', 549),
('b25', '201904', 'NUI', 0),
('b25', '201904', 'REP', 0),
('b25', '201905', 'ETP', 0),
('b25', '201905', 'KM', 700),
('b25', '201905', 'NUI', 0),
('b25', '201905', 'REP', 0),
('b25', '201906', 'ETP', 0),
('b25', '201906', 'KM', 739),
('b25', '201906', 'NUI', 0),
('b25', '201906', 'REP', 0),
('b25', '201907', 'ETP', 0),
('b25', '201907', 'KM', 800),
('b25', '201907', 'NUI', 0),
('b25', '201907', 'REP', 0),
('b25', '201908', 'ETP', 0),
('b25', '201908', 'KM', 933),
('b25', '201908', 'NUI', 0),
('b25', '201908', 'REP', 0),
('b25', '201909', 'ETP', 0),
('b25', '201909', 'KM', 500),
('b25', '201909', 'NUI', 0),
('b25', '201909', 'REP', 0),
('b25', '201910', 'ETP', 0),
('b25', '201910', 'KM', 791),
('b25', '201910', 'NUI', 0),
('b25', '201910', 'REP', 0),
('b28', '201901', 'ETP', 0),
('b28', '201901', 'KM', 815),
('b28', '201901', 'NUI', 0),
('b28', '201901', 'REP', 0),
('b28', '201902', 'ETP', 0),
('b28', '201902', 'KM', 987),
('b28', '201902', 'NUI', 0),
('b28', '201902', 'REP', 0),
('b28', '201903', 'ETP', 0),
('b28', '201903', 'KM', 562),
('b28', '201903', 'NUI', 0),
('b28', '201903', 'REP', 0),
('b28', '201904', 'ETP', 0),
('b28', '201904', 'KM', 969),
('b28', '201904', 'NUI', 0),
('b28', '201904', 'REP', 0),
('b28', '201905', 'ETP', 0),
('b28', '201905', 'KM', 614),
('b28', '201905', 'NUI', 0),
('b28', '201905', 'REP', 0),
('b28', '201906', 'ETP', 0),
('b28', '201906', 'KM', 876),
('b28', '201906', 'NUI', 0),
('b28', '201906', 'REP', 0),
('b28', '201907', 'ETP', 0),
('b28', '201907', 'KM', 526),
('b28', '201907', 'NUI', 0),
('b28', '201907', 'REP', 0),
('b28', '201908', 'ETP', 0),
('b28', '201908', 'KM', 375),
('b28', '201908', 'NUI', 0),
('b28', '201908', 'REP', 0),
('b28', '201909', 'ETP', 0),
('b28', '201909', 'KM', 592),
('b28', '201909', 'NUI', 0),
('b28', '201909', 'REP', 0),
('b28', '201910', 'ETP', 0),
('b28', '201910', 'KM', 919),
('b28', '201910', 'NUI', 0),
('b28', '201910', 'REP', 0),
('b34', '201901', 'ETP', 0),
('b34', '201901', 'KM', 395),
('b34', '201901', 'NUI', 0),
('b34', '201901', 'REP', 0),
('b34', '201902', 'ETP', 0),
('b34', '201902', 'KM', 527),
('b34', '201902', 'NUI', 0),
('b34', '201902', 'REP', 0),
('b34', '201903', 'ETP', 0),
('b34', '201903', 'KM', 488),
('b34', '201903', 'NUI', 0),
('b34', '201903', 'REP', 0),
('b34', '201904', 'ETP', 0),
('b34', '201904', 'KM', 988),
('b34', '201904', 'NUI', 0),
('b34', '201904', 'REP', 0),
('b34', '201905', 'ETP', 0),
('b34', '201905', 'KM', 523),
('b34', '201905', 'NUI', 0),
('b34', '201905', 'REP', 0),
('b34', '201906', 'ETP', 0),
('b34', '201906', 'KM', 567),
('b34', '201906', 'NUI', 0),
('b34', '201906', 'REP', 0),
('b34', '201907', 'ETP', 0),
('b34', '201907', 'KM', 307),
('b34', '201907', 'NUI', 0),
('b34', '201907', 'REP', 0),
('b34', '201908', 'ETP', 0),
('b34', '201908', 'KM', 337),
('b34', '201908', 'NUI', 0),
('b34', '201908', 'REP', 0),
('b34', '201909', 'ETP', 0),
('b34', '201909', 'KM', 522),
('b34', '201909', 'NUI', 0),
('b34', '201909', 'REP', 0),
('b34', '201910', 'ETP', 0),
('b34', '201910', 'KM', 318),
('b34', '201910', 'NUI', 0),
('b34', '201910', 'REP', 0),
('b4', '201901', 'ETP', 0),
('b4', '201901', 'KM', 841),
('b4', '201901', 'NUI', 0),
('b4', '201901', 'REP', 0),
('b4', '201902', 'ETP', 0),
('b4', '201902', 'KM', 427),
('b4', '201902', 'NUI', 0),
('b4', '201902', 'REP', 0),
('b4', '201903', 'ETP', 0),
('b4', '201903', 'KM', 410),
('b4', '201903', 'NUI', 0),
('b4', '201903', 'REP', 0),
('b4', '201904', 'ETP', 0),
('b4', '201904', 'KM', 688),
('b4', '201904', 'NUI', 0),
('b4', '201904', 'REP', 0),
('b4', '201905', 'ETP', 0),
('b4', '201905', 'KM', 397),
('b4', '201905', 'NUI', 0),
('b4', '201905', 'REP', 0),
('b4', '201906', 'ETP', 0),
('b4', '201906', 'KM', 474),
('b4', '201906', 'NUI', 0),
('b4', '201906', 'REP', 0),
('b4', '201907', 'ETP', 0),
('b4', '201907', 'KM', 584),
('b4', '201907', 'NUI', 0),
('b4', '201907', 'REP', 0),
('b4', '201908', 'ETP', 0),
('b4', '201908', 'KM', 466),
('b4', '201908', 'NUI', 0),
('b4', '201908', 'REP', 0),
('b4', '201909', 'ETP', 0),
('b4', '201909', 'KM', 806),
('b4', '201909', 'NUI', 0),
('b4', '201909', 'REP', 0),
('b4', '201910', 'ETP', 0),
('b4', '201910', 'KM', 645),
('b4', '201910', 'NUI', 0),
('b4', '201910', 'REP', 0),
('b50', '201901', 'ETP', 0),
('b50', '201901', 'KM', 347),
('b50', '201901', 'NUI', 0),
('b50', '201901', 'REP', 0),
('b50', '201902', 'ETP', 0),
('b50', '201902', 'KM', 426),
('b50', '201902', 'NUI', 0),
('b50', '201902', 'REP', 0),
('b50', '201903', 'ETP', 0),
('b50', '201903', 'KM', 904),
('b50', '201903', 'NUI', 0),
('b50', '201903', 'REP', 0),
('b50', '201904', 'ETP', 0),
('b50', '201904', 'KM', 416),
('b50', '201904', 'NUI', 0),
('b50', '201904', 'REP', 0),
('b50', '201905', 'ETP', 0),
('b50', '201905', 'KM', 493),
('b50', '201905', 'NUI', 0),
('b50', '201905', 'REP', 0),
('b50', '201906', 'ETP', 0),
('b50', '201906', 'KM', 727),
('b50', '201906', 'NUI', 0),
('b50', '201906', 'REP', 0),
('b50', '201907', 'ETP', 0),
('b50', '201907', 'KM', 981),
('b50', '201907', 'NUI', 0),
('b50', '201907', 'REP', 0),
('b50', '201908', 'ETP', 0),
('b50', '201908', 'KM', 517),
('b50', '201908', 'NUI', 0),
('b50', '201908', 'REP', 0),
('b50', '201909', 'ETP', 0),
('b50', '201909', 'KM', 317),
('b50', '201909', 'NUI', 0),
('b50', '201909', 'REP', 0),
('b50', '201910', 'ETP', 0),
('b50', '201910', 'KM', 356),
('b50', '201910', 'NUI', 0),
('b50', '201910', 'REP', 0),
('b59', '201901', 'ETP', 0),
('b59', '201901', 'KM', 380),
('b59', '201901', 'NUI', 0),
('b59', '201901', 'REP', 0),
('b59', '201902', 'ETP', 0),
('b59', '201902', 'KM', 483),
('b59', '201902', 'NUI', 0),
('b59', '201902', 'REP', 0),
('b59', '201903', 'ETP', 0),
('b59', '201903', 'KM', 745),
('b59', '201903', 'NUI', 0),
('b59', '201903', 'REP', 0),
('b59', '201904', 'ETP', 0),
('b59', '201904', 'KM', 380),
('b59', '201904', 'NUI', 0),
('b59', '201904', 'REP', 0),
('b59', '201905', 'ETP', 0),
('b59', '201905', 'KM', 713),
('b59', '201905', 'NUI', 0),
('b59', '201905', 'REP', 0),
('b59', '201906', 'ETP', 0),
('b59', '201906', 'KM', 948),
('b59', '201906', 'NUI', 0),
('b59', '201906', 'REP', 0),
('b59', '201907', 'ETP', 0),
('b59', '201907', 'KM', 336),
('b59', '201907', 'NUI', 0),
('b59', '201907', 'REP', 0),
('b59', '201908', 'ETP', 0),
('b59', '201908', 'KM', 762),
('b59', '201908', 'NUI', 0),
('b59', '201908', 'REP', 0),
('b59', '201909', 'ETP', 0),
('b59', '201909', 'KM', 891),
('b59', '201909', 'NUI', 0),
('b59', '201909', 'REP', 0),
('b59', '201910', 'ETP', 0),
('b59', '201910', 'KM', 561),
('b59', '201910', 'NUI', 0),
('b59', '201910', 'REP', 0),
('c14', '201901', 'ETP', 0),
('c14', '201901', 'KM', 607),
('c14', '201901', 'NUI', 0),
('c14', '201901', 'REP', 0),
('c14', '201902', 'ETP', 0),
('c14', '201902', 'KM', 639),
('c14', '201902', 'NUI', 0),
('c14', '201902', 'REP', 0),
('c14', '201903', 'ETP', 0),
('c14', '201903', 'KM', 336),
('c14', '201903', 'NUI', 0),
('c14', '201903', 'REP', 0),
('c14', '201904', 'ETP', 0),
('c14', '201904', 'KM', 383),
('c14', '201904', 'NUI', 0),
('c14', '201904', 'REP', 0),
('c14', '201905', 'ETP', 0),
('c14', '201905', 'KM', 931),
('c14', '201905', 'NUI', 0),
('c14', '201905', 'REP', 0),
('c14', '201906', 'ETP', 0),
('c14', '201906', 'KM', 881),
('c14', '201906', 'NUI', 0),
('c14', '201906', 'REP', 0),
('c14', '201907', 'ETP', 0),
('c14', '201907', 'KM', 529),
('c14', '201907', 'NUI', 0),
('c14', '201907', 'REP', 0),
('c14', '201908', 'ETP', 0),
('c14', '201908', 'KM', 456),
('c14', '201908', 'NUI', 0),
('c14', '201908', 'REP', 0),
('c14', '201909', 'ETP', 0),
('c14', '201909', 'KM', 462),
('c14', '201909', 'NUI', 0),
('c14', '201909', 'REP', 0),
('c14', '201910', 'ETP', 0),
('c14', '201910', 'KM', 809),
('c14', '201910', 'NUI', 0),
('c14', '201910', 'REP', 0),
('c3', '201901', 'ETP', 0),
('c3', '201901', 'KM', 497),
('c3', '201901', 'NUI', 0),
('c3', '201901', 'REP', 0),
('c3', '201902', 'ETP', 0),
('c3', '201902', 'KM', 815),
('c3', '201902', 'NUI', 0),
('c3', '201902', 'REP', 0),
('c3', '201903', 'ETP', 0),
('c3', '201903', 'KM', 813),
('c3', '201903', 'NUI', 0),
('c3', '201903', 'REP', 0),
('c3', '201904', 'ETP', 0),
('c3', '201904', 'KM', 739),
('c3', '201904', 'NUI', 0),
('c3', '201904', 'REP', 0),
('c3', '201905', 'ETP', 0),
('c3', '201905', 'KM', 906),
('c3', '201905', 'NUI', 0),
('c3', '201905', 'REP', 0),
('c3', '201906', 'ETP', 0),
('c3', '201906', 'KM', 761),
('c3', '201906', 'NUI', 0),
('c3', '201906', 'REP', 0),
('c3', '201907', 'ETP', 0),
('c3', '201907', 'KM', 829),
('c3', '201907', 'NUI', 0),
('c3', '201907', 'REP', 0),
('c3', '201908', 'ETP', 0),
('c3', '201908', 'KM', 484),
('c3', '201908', 'NUI', 0),
('c3', '201908', 'REP', 0),
('c3', '201909', 'ETP', 0),
('c3', '201909', 'KM', 324),
('c3', '201909', 'NUI', 0),
('c3', '201909', 'REP', 0),
('c3', '201910', 'ETP', 0),
('c3', '201910', 'KM', 388),
('c3', '201910', 'NUI', 0),
('c3', '201910', 'REP', 0),
('c54', '201901', 'ETP', 0),
('c54', '201901', 'KM', 888),
('c54', '201901', 'NUI', 0),
('c54', '201901', 'REP', 0),
('c54', '201902', 'ETP', 0),
('c54', '201902', 'KM', 561),
('c54', '201902', 'NUI', 0),
('c54', '201902', 'REP', 0),
('c54', '201903', 'ETP', 0),
('c54', '201903', 'KM', 860),
('c54', '201903', 'NUI', 0),
('c54', '201903', 'REP', 0),
('c54', '201904', 'ETP', 0),
('c54', '201904', 'KM', 843),
('c54', '201904', 'NUI', 0),
('c54', '201904', 'REP', 0),
('c54', '201905', 'ETP', 0),
('c54', '201905', 'KM', 539),
('c54', '201905', 'NUI', 0),
('c54', '201905', 'REP', 0),
('c54', '201906', 'ETP', 0),
('c54', '201906', 'KM', 603),
('c54', '201906', 'NUI', 0),
('c54', '201906', 'REP', 0),
('c54', '201907', 'ETP', 0),
('c54', '201907', 'KM', 373),
('c54', '201907', 'NUI', 0),
('c54', '201907', 'REP', 0),
('c54', '201908', 'ETP', 0),
('c54', '201908', 'KM', 481),
('c54', '201908', 'NUI', 0),
('c54', '201908', 'REP', 0),
('c54', '201909', 'ETP', 0),
('c54', '201909', 'KM', 516),
('c54', '201909', 'NUI', 0),
('c54', '201909', 'REP', 0),
('c54', '201910', 'ETP', 0),
('c54', '201910', 'KM', 984),
('c54', '201910', 'NUI', 0),
('c54', '201910', 'REP', 0),
('d13', '201901', 'ETP', 0),
('d13', '201901', 'KM', 633),
('d13', '201901', 'NUI', 0),
('d13', '201901', 'REP', 0),
('d13', '201902', 'ETP', 0),
('d13', '201902', 'KM', 573),
('d13', '201902', 'NUI', 0),
('d13', '201902', 'REP', 0),
('d13', '201903', 'ETP', 0),
('d13', '201903', 'KM', 844),
('d13', '201903', 'NUI', 0),
('d13', '201903', 'REP', 0),
('d13', '201904', 'ETP', 0),
('d13', '201904', 'KM', 775),
('d13', '201904', 'NUI', 0),
('d13', '201904', 'REP', 0),
('d13', '201905', 'ETP', 0),
('d13', '201905', 'KM', 498),
('d13', '201905', 'NUI', 0),
('d13', '201905', 'REP', 0),
('d13', '201906', 'ETP', 0),
('d13', '201906', 'KM', 315),
('d13', '201906', 'NUI', 0),
('d13', '201906', 'REP', 0),
('d13', '201907', 'ETP', 0),
('d13', '201907', 'KM', 786),
('d13', '201907', 'NUI', 0),
('d13', '201907', 'REP', 0),
('d13', '201908', 'ETP', 0),
('d13', '201908', 'KM', 854),
('d13', '201908', 'NUI', 0),
('d13', '201908', 'REP', 0),
('d13', '201909', 'ETP', 0),
('d13', '201909', 'KM', 618),
('d13', '201909', 'NUI', 0),
('d13', '201909', 'REP', 0),
('d13', '201910', 'ETP', 0),
('d13', '201910', 'KM', 656),
('d13', '201910', 'NUI', 0),
('d13', '201910', 'REP', 0),
('d51', '201901', 'ETP', 0),
('d51', '201901', 'KM', 722),
('d51', '201901', 'NUI', 0),
('d51', '201901', 'REP', 0),
('d51', '201902', 'ETP', 0),
('d51', '201902', 'KM', 965),
('d51', '201902', 'NUI', 0),
('d51', '201902', 'REP', 0),
('d51', '201903', 'ETP', 0),
('d51', '201903', 'KM', 586),
('d51', '201903', 'NUI', 0),
('d51', '201903', 'REP', 0),
('d51', '201904', 'ETP', 0),
('d51', '201904', 'KM', 536),
('d51', '201904', 'NUI', 0),
('d51', '201904', 'REP', 0),
('d51', '201905', 'ETP', 0),
('d51', '201905', 'KM', 516),
('d51', '201905', 'NUI', 0),
('d51', '201905', 'REP', 0),
('d51', '201906', 'ETP', 0),
('d51', '201906', 'KM', 572),
('d51', '201906', 'NUI', 0),
('d51', '201906', 'REP', 0),
('d51', '201907', 'ETP', 0),
('d51', '201907', 'KM', 469),
('d51', '201907', 'NUI', 0),
('d51', '201907', 'REP', 0),
('d51', '201908', 'ETP', 0),
('d51', '201908', 'KM', 795),
('d51', '201908', 'NUI', 0),
('d51', '201908', 'REP', 0),
('d51', '201909', 'ETP', 0),
('d51', '201909', 'KM', 421),
('d51', '201909', 'NUI', 0),
('d51', '201909', 'REP', 0),
('d51', '201910', 'ETP', 0),
('d51', '201910', 'KM', 807),
('d51', '201910', 'NUI', 0),
('d51', '201910', 'REP', 0),
('e22', '201901', 'ETP', 0),
('e22', '201901', 'KM', 715),
('e22', '201901', 'NUI', 0),
('e22', '201901', 'REP', 0),
('e22', '201902', 'ETP', 0),
('e22', '201902', 'KM', 546),
('e22', '201902', 'NUI', 0),
('e22', '201902', 'REP', 0),
('e22', '201903', 'ETP', 0),
('e22', '201903', 'KM', 395),
('e22', '201903', 'NUI', 0),
('e22', '201903', 'REP', 0),
('e22', '201904', 'ETP', 0),
('e22', '201904', 'KM', 858),
('e22', '201904', 'NUI', 0),
('e22', '201904', 'REP', 0),
('e22', '201905', 'ETP', 0),
('e22', '201905', 'KM', 719),
('e22', '201905', 'NUI', 0),
('e22', '201905', 'REP', 0),
('e22', '201906', 'ETP', 0),
('e22', '201906', 'KM', 592),
('e22', '201906', 'NUI', 0),
('e22', '201906', 'REP', 0),
('e22', '201907', 'ETP', 0),
('e22', '201907', 'KM', 677),
('e22', '201907', 'NUI', 0),
('e22', '201907', 'REP', 0),
('e22', '201908', 'ETP', 0),
('e22', '201908', 'KM', 879),
('e22', '201908', 'NUI', 0),
('e22', '201908', 'REP', 0),
('e22', '201909', 'ETP', 0),
('e22', '201909', 'KM', 428),
('e22', '201909', 'NUI', 0),
('e22', '201909', 'REP', 0),
('e22', '201910', 'ETP', 0),
('e22', '201910', 'KM', 684),
('e22', '201910', 'NUI', 0),
('e22', '201910', 'REP', 0),
('e24', '201901', 'ETP', 0),
('e24', '201901', 'KM', 511),
('e24', '201901', 'NUI', 0),
('e24', '201901', 'REP', 0),
('e24', '201902', 'ETP', 0),
('e24', '201902', 'KM', 310),
('e24', '201902', 'NUI', 0),
('e24', '201902', 'REP', 0),
('e24', '201903', 'ETP', 0),
('e24', '201903', 'KM', 436),
('e24', '201903', 'NUI', 0),
('e24', '201903', 'REP', 0),
('e24', '201904', 'ETP', 0),
('e24', '201904', 'KM', 782),
('e24', '201904', 'NUI', 0),
('e24', '201904', 'REP', 0),
('e24', '201905', 'ETP', 0),
('e24', '201905', 'KM', 371),
('e24', '201905', 'NUI', 0),
('e24', '201905', 'REP', 0),
('e24', '201906', 'ETP', 0),
('e24', '201906', 'KM', 801),
('e24', '201906', 'NUI', 0),
('e24', '201906', 'REP', 0),
('e24', '201907', 'ETP', 0),
('e24', '201907', 'KM', 879),
('e24', '201907', 'NUI', 0),
('e24', '201907', 'REP', 0),
('e24', '201908', 'ETP', 0),
('e24', '201908', 'KM', 635),
('e24', '201908', 'NUI', 0),
('e24', '201908', 'REP', 0),
('e24', '201909', 'ETP', 0),
('e24', '201909', 'KM', 573),
('e24', '201909', 'NUI', 0),
('e24', '201909', 'REP', 0),
('e24', '201910', 'ETP', 0),
('e24', '201910', 'KM', 580),
('e24', '201910', 'NUI', 0),
('e24', '201910', 'REP', 0),
('e39', '201901', 'ETP', 0),
('e39', '201901', 'KM', 619),
('e39', '201901', 'NUI', 0),
('e39', '201901', 'REP', 0),
('e39', '201902', 'ETP', 0),
('e39', '201902', 'KM', 376),
('e39', '201902', 'NUI', 0),
('e39', '201902', 'REP', 0),
('e39', '201903', 'ETP', 0),
('e39', '201903', 'KM', 534),
('e39', '201903', 'NUI', 0),
('e39', '201903', 'REP', 0),
('e39', '201904', 'ETP', 0),
('e39', '201904', 'KM', 435),
('e39', '201904', 'NUI', 0),
('e39', '201904', 'REP', 0),
('e39', '201905', 'ETP', 0),
('e39', '201905', 'KM', 417),
('e39', '201905', 'NUI', 0),
('e39', '201905', 'REP', 0),
('e39', '201906', 'ETP', 0),
('e39', '201906', 'KM', 866),
('e39', '201906', 'NUI', 0),
('e39', '201906', 'REP', 0),
('e39', '201907', 'ETP', 0),
('e39', '201907', 'KM', 304),
('e39', '201907', 'NUI', 0),
('e39', '201907', 'REP', 0),
('e39', '201908', 'ETP', 0),
('e39', '201908', 'KM', 923),
('e39', '201908', 'NUI', 0),
('e39', '201908', 'REP', 0),
('e39', '201909', 'ETP', 0),
('e39', '201909', 'KM', 721),
('e39', '201909', 'NUI', 0),
('e39', '201909', 'REP', 0),
('e39', '201910', 'ETP', 0),
('e39', '201910', 'KM', 897),
('e39', '201910', 'NUI', 0),
('e39', '201910', 'REP', 0),
('e49', '201901', 'ETP', 0),
('e49', '201901', 'KM', 614),
('e49', '201901', 'NUI', 0),
('e49', '201901', 'REP', 0),
('e49', '201902', 'ETP', 0),
('e49', '201902', 'KM', 864),
('e49', '201902', 'NUI', 0),
('e49', '201902', 'REP', 0),
('e49', '201903', 'ETP', 0),
('e49', '201903', 'KM', 914),
('e49', '201903', 'NUI', 0),
('e49', '201903', 'REP', 0),
('e49', '201904', 'ETP', 0),
('e49', '201904', 'KM', 675),
('e49', '201904', 'NUI', 0),
('e49', '201904', 'REP', 0),
('e49', '201905', 'ETP', 0),
('e49', '201905', 'KM', 765),
('e49', '201905', 'NUI', 0),
('e49', '201905', 'REP', 0),
('e49', '201906', 'ETP', 0),
('e49', '201906', 'KM', 761),
('e49', '201906', 'NUI', 0),
('e49', '201906', 'REP', 0),
('e49', '201907', 'ETP', 0),
('e49', '201907', 'KM', 697),
('e49', '201907', 'NUI', 0),
('e49', '201907', 'REP', 0),
('e49', '201908', 'ETP', 0),
('e49', '201908', 'KM', 785),
('e49', '201908', 'NUI', 0),
('e49', '201908', 'REP', 0),
('e49', '201909', 'ETP', 0),
('e49', '201909', 'KM', 989),
('e49', '201909', 'NUI', 0),
('e49', '201909', 'REP', 0),
('e49', '201910', 'ETP', 0),
('e49', '201910', 'KM', 861),
('e49', '201910', 'NUI', 0),
('e49', '201910', 'REP', 0),
('e5', '201901', 'ETP', 0),
('e5', '201901', 'KM', 526),
('e5', '201901', 'NUI', 0),
('e5', '201901', 'REP', 0),
('e5', '201902', 'ETP', 0),
('e5', '201902', 'KM', 561),
('e5', '201902', 'NUI', 0),
('e5', '201902', 'REP', 0),
('e5', '201903', 'ETP', 0),
('e5', '201903', 'KM', 913),
('e5', '201903', 'NUI', 0),
('e5', '201903', 'REP', 0),
('e5', '201904', 'ETP', 0),
('e5', '201904', 'KM', 707),
('e5', '201904', 'NUI', 0),
('e5', '201904', 'REP', 0),
('e5', '201905', 'ETP', 0),
('e5', '201905', 'KM', 948),
('e5', '201905', 'NUI', 0),
('e5', '201905', 'REP', 0),
('e5', '201906', 'ETP', 0),
('e5', '201906', 'KM', 858),
('e5', '201906', 'NUI', 0),
('e5', '201906', 'REP', 0),
('e5', '201907', 'ETP', 0),
('e5', '201907', 'KM', 548),
('e5', '201907', 'NUI', 0),
('e5', '201907', 'REP', 0),
('e5', '201908', 'ETP', 0),
('e5', '201908', 'KM', 690),
('e5', '201908', 'NUI', 0),
('e5', '201908', 'REP', 0),
('e5', '201909', 'ETP', 0),
('e5', '201909', 'KM', 803),
('e5', '201909', 'NUI', 0),
('e5', '201909', 'REP', 0),
('e5', '201910', 'ETP', 0),
('e5', '201910', 'KM', 461),
('e5', '201910', 'NUI', 0),
('e5', '201910', 'REP', 0),
('e52', '201901', 'ETP', 0),
('e52', '201901', 'KM', 957),
('e52', '201901', 'NUI', 0),
('e52', '201901', 'REP', 0),
('e52', '201902', 'ETP', 0),
('e52', '201902', 'KM', 462),
('e52', '201902', 'NUI', 0),
('e52', '201902', 'REP', 0),
('e52', '201903', 'ETP', 0),
('e52', '201903', 'KM', 490),
('e52', '201903', 'NUI', 0),
('e52', '201903', 'REP', 0),
('e52', '201904', 'ETP', 0),
('e52', '201904', 'KM', 710),
('e52', '201904', 'NUI', 0),
('e52', '201904', 'REP', 0),
('e52', '201905', 'ETP', 0),
('e52', '201905', 'KM', 348),
('e52', '201905', 'NUI', 0),
('e52', '201905', 'REP', 0),
('e52', '201906', 'ETP', 0),
('e52', '201906', 'KM', 834),
('e52', '201906', 'NUI', 0),
('e52', '201906', 'REP', 0),
('e52', '201907', 'ETP', 0),
('e52', '201907', 'KM', 816),
('e52', '201907', 'NUI', 0),
('e52', '201907', 'REP', 0),
('e52', '201908', 'ETP', 0),
('e52', '201908', 'KM', 709),
('e52', '201908', 'NUI', 0),
('e52', '201908', 'REP', 0),
('e52', '201909', 'ETP', 0),
('e52', '201909', 'KM', 886),
('e52', '201909', 'NUI', 0),
('e52', '201909', 'REP', 0),
('e52', '201910', 'ETP', 0),
('e52', '201910', 'KM', 326),
('e52', '201910', 'NUI', 0),
('e52', '201910', 'REP', 0),
('f21', '201901', 'ETP', 0),
('f21', '201901', 'KM', 594),
('f21', '201901', 'NUI', 0),
('f21', '201901', 'REP', 0),
('f21', '201902', 'ETP', 0),
('f21', '201902', 'KM', 315),
('f21', '201902', 'NUI', 0),
('f21', '201902', 'REP', 0),
('f21', '201903', 'ETP', 0),
('f21', '201903', 'KM', 828),
('f21', '201903', 'NUI', 0),
('f21', '201903', 'REP', 0),
('f21', '201904', 'ETP', 0),
('f21', '201904', 'KM', 468),
('f21', '201904', 'NUI', 0),
('f21', '201904', 'REP', 0),
('f21', '201905', 'ETP', 0),
('f21', '201905', 'KM', 326),
('f21', '201905', 'NUI', 0),
('f21', '201905', 'REP', 0),
('f21', '201906', 'ETP', 0),
('f21', '201906', 'KM', 476),
('f21', '201906', 'NUI', 0),
('f21', '201906', 'REP', 0),
('f21', '201907', 'ETP', 0),
('f21', '201907', 'KM', 900),
('f21', '201907', 'NUI', 0),
('f21', '201907', 'REP', 0),
('f21', '201908', 'ETP', 0),
('f21', '201908', 'KM', 545),
('f21', '201908', 'NUI', 0),
('f21', '201908', 'REP', 0),
('f21', '201909', 'ETP', 0),
('f21', '201909', 'KM', 995),
('f21', '201909', 'NUI', 0),
('f21', '201909', 'REP', 0),
('f21', '201910', 'ETP', 0),
('f21', '201910', 'KM', 522),
('f21', '201910', 'NUI', 0),
('f21', '201910', 'REP', 0),
('f39', '201901', 'ETP', 0),
('f39', '201901', 'KM', 673),
('f39', '201901', 'NUI', 0),
('f39', '201901', 'REP', 0),
('f39', '201902', 'ETP', 0),
('f39', '201902', 'KM', 687),
('f39', '201902', 'NUI', 0),
('f39', '201902', 'REP', 0),
('f39', '201903', 'ETP', 0),
('f39', '201903', 'KM', 344),
('f39', '201903', 'NUI', 0),
('f39', '201903', 'REP', 0),
('f39', '201904', 'ETP', 0),
('f39', '201904', 'KM', 520),
('f39', '201904', 'NUI', 0),
('f39', '201904', 'REP', 0),
('f39', '201905', 'ETP', 0),
('f39', '201905', 'KM', 459),
('f39', '201905', 'NUI', 0),
('f39', '201905', 'REP', 0),
('f39', '201906', 'ETP', 0),
('f39', '201906', 'KM', 302),
('f39', '201906', 'NUI', 0),
('f39', '201906', 'REP', 0),
('f39', '201907', 'ETP', 0),
('f39', '201907', 'KM', 727),
('f39', '201907', 'NUI', 0),
('f39', '201907', 'REP', 0),
('f39', '201908', 'ETP', 0),
('f39', '201908', 'KM', 684),
('f39', '201908', 'NUI', 0),
('f39', '201908', 'REP', 0),
('f39', '201909', 'ETP', 0),
('f39', '201909', 'KM', 932),
('f39', '201909', 'NUI', 0),
('f39', '201909', 'REP', 0),
('f39', '201910', 'ETP', 0),
('f39', '201910', 'KM', 516),
('f39', '201910', 'NUI', 0),
('f39', '201910', 'REP', 0),
('f4', '201901', 'ETP', 0),
('f4', '201901', 'KM', 583),
('f4', '201901', 'NUI', 0),
('f4', '201901', 'REP', 0),
('f4', '201902', 'ETP', 0),
('f4', '201902', 'KM', 579),
('f4', '201902', 'NUI', 0),
('f4', '201902', 'REP', 0),
('f4', '201903', 'ETP', 0),
('f4', '201903', 'KM', 625),
('f4', '201903', 'NUI', 0),
('f4', '201903', 'REP', 0),
('f4', '201904', 'ETP', 0),
('f4', '201904', 'KM', 516),
('f4', '201904', 'NUI', 0),
('f4', '201904', 'REP', 0),
('f4', '201905', 'ETP', 0),
('f4', '201905', 'KM', 394),
('f4', '201905', 'NUI', 0),
('f4', '201905', 'REP', 0),
('f4', '201906', 'ETP', 0),
('f4', '201906', 'KM', 729),
('f4', '201906', 'NUI', 0),
('f4', '201906', 'REP', 0),
('f4', '201907', 'ETP', 0),
('f4', '201907', 'KM', 682),
('f4', '201907', 'NUI', 0),
('f4', '201907', 'REP', 0),
('f4', '201908', 'ETP', 0),
('f4', '201908', 'KM', 727),
('f4', '201908', 'NUI', 0),
('f4', '201908', 'REP', 0),
('f4', '201909', 'ETP', 0),
('f4', '201909', 'KM', 939),
('f4', '201909', 'NUI', 0),
('f4', '201909', 'REP', 0),
('f4', '201910', 'ETP', 0),
('f4', '201910', 'KM', 674),
('f4', '201910', 'NUI', 0),
('f4', '201910', 'REP', 0);

-- --------------------------------------------------------

--
-- Structure de la table `lignefraishorsforfait`
--

DROP TABLE IF EXISTS `lignefraishorsforfait`;
CREATE TABLE IF NOT EXISTS `lignefraishorsforfait` (
  `id` int(11) NOT NULL AUTO_INCREMENT,
  `idVisiteur` char(4) NOT NULL,
  `mois` char(6) NOT NULL,
  `libelle` varchar(100) DEFAULT NULL,
  `date` date DEFAULT NULL,
  `montant` decimal(10,2) DEFAULT NULL,
  PRIMARY KEY (`id`),
  KEY `idVisiteur` (`idVisiteur`,`mois`)
) ENGINE=InnoDB AUTO_INCREMENT=811 DEFAULT CHARSET=latin1;

--
-- Déchargement des données de la table `lignefraishorsforfait`
--

INSERT INTO `lignefraishorsforfait` (`id`, `idVisiteur`, `mois`, `libelle`, `date`, `montant`) VALUES
(1, 'a131', '201901', 'rémunération intervenant/spécialiste', '2019-01-07', '587.00'),
(2, 'a131', '201901', 'location équipement vidéo/sonore', '2019-01-24', '284.00'),
(3, 'a131', '201901', 'repas avec praticien', '2019-01-16', '32.00'),
(4, 'a131', '201901', 'taxi', '2019-01-21', '37.00'),
(5, 'a131', '201901', 'Voyage SNCF', '2019-01-16', '133.00'),
(6, 'a131', '201902', 'location équipement vidéo/sonore', '2019-02-22', '499.00'),
(7, 'a131', '201902', 'location véhicule', '2019-02-13', '340.00'),
(8, 'a131', '201902', 'taxi', '2019-02-16', '57.00'),
(9, 'a131', '201903', 'location équipement vidéo/sonore', '2019-03-23', '485.00'),
(10, 'a131', '201903', 'location véhicule', '2019-03-27', '323.00'),
(11, 'a131', '201904', 'achat de matériel de papèterie', '2019-04-26', '38.00'),
(12, 'a131', '201904', 'traiteur, alimentation, boisson', '2019-04-01', '214.00'),
(13, 'a131', '201904', 'location véhicule', '2019-04-20', '225.00'),
(14, 'a131', '201904', 'traiteur, alimentation, boisson', '2019-04-02', '397.00'),
(15, 'a131', '201905', 'Voyage SNCF', '2019-05-26', '122.00'),
(16, 'a131', '201905', 'achat de matériel de papèterie', '2019-05-02', '47.00'),
(17, 'a131', '201906', 'rémunération intervenant/spécialiste', '2019-06-07', '868.00'),
(18, 'a131', '201907', 'rémunération intervenant/spécialiste', '2019-07-23', '836.00'),
(19, 'a131', '201907', 'location salle conférence', '2019-07-15', '227.00'),
(20, 'a131', '201907', 'location salle conférence', '2019-07-08', '552.00'),
(21, 'a131', '201907', 'traiteur, alimentation, boisson', '2019-07-06', '45.00'),
(22, 'a131', '201907', 'rémunération intervenant/spécialiste', '2019-07-10', '465.00'),
(23, 'a131', '201908', 'traiteur, alimentation, boisson', '2019-08-20', '218.00'),
(24, 'a131', '201909', 'repas avec praticien', '2019-09-14', '48.00'),
(25, 'a131', '201909', 'location salle conférence', '2019-09-10', '600.00'),
(26, 'a131', '201909', 'achat de matériel de papèterie', '2019-09-11', '37.00'),
(27, 'a131', '201909', 'frais vestimentaire/représentation', '2019-09-21', '377.00'),
(28, 'a131', '201910', 'location salle conférence', '2019-10-17', '198.00'),
(29, 'a131', '201910', 'frais vestimentaire/représentation', '2019-10-12', '82.00'),
(30, 'a131', '201910', 'frais vestimentaire/représentation', '2019-10-09', '205.00'),
(31, 'a131', '201911', 'taxi', '2019-11-09', '24.00'),
(32, 'a131', '201911', 'Voyage SNCF', '2019-11-25', '38.00'),
(33, 'a131', '201911', 'rémunération intervenant/spécialiste', '2019-11-10', '955.00'),
(34, 'a17', '201901', 'traiteur, alimentation, boisson', '2019-01-21', '143.00'),
(35, 'a17', '201902', 'frais vestimentaire/représentation', '2019-02-02', '293.00'),
(36, 'a17', '201903', 'rémunération intervenant/spécialiste', '2019-03-09', '477.00'),
(37, 'a17', '201903', 'location équipement vidéo/sonore', '2019-03-03', '303.00'),
(38, 'a17', '201903', 'rémunération intervenant/spécialiste', '2019-03-03', '578.00'),
(39, 'a17', '201903', 'traiteur, alimentation, boisson', '2019-03-12', '278.00'),
(40, 'a17', '201904', 'Voyage SNCF', '2019-04-07', '37.00'),
(41, 'a17', '201904', 'rémunération intervenant/spécialiste', '2019-04-21', '489.00'),
(42, 'a17', '201904', 'rémunération intervenant/spécialiste', '2019-04-06', '980.00'),
(43, 'a17', '201904', 'traiteur, alimentation, boisson', '2019-04-27', '255.00'),
(44, 'a17', '201904', 'location équipement vidéo/sonore', '2019-04-10', '208.00'),
(45, 'a17', '201905', 'rémunération intervenant/spécialiste', '2019-05-21', '812.00'),
(46, 'a17', '201906', 'rémunération intervenant/spécialiste', '2019-06-23', '451.00'),
(47, 'a17', '201907', 'location salle conférence', '2019-07-02', '329.00'),
(48, 'a17', '201907', 'location équipement vidéo/sonore', '2019-07-15', '142.00'),
(49, 'a17', '201907', 'repas avec praticien', '2019-07-06', '50.00'),
(50, 'a17', '201908', 'location salle conférence', '2019-08-21', '486.00'),
(51, 'a17', '201908', 'rémunération intervenant/spécialiste', '2019-08-06', '281.00'),
(52, 'a17', '201908', 'taxi', '2019-08-16', '37.00'),
(53, 'a17', '201908', 'frais vestimentaire/représentation', '2019-08-21', '276.00'),
(54, 'a17', '201908', 'taxi', '2019-08-08', '39.00'),
(55, 'a17', '201909', 'frais vestimentaire/représentation', '2019-09-11', '164.00'),
(56, 'a17', '201910', 'taxi', '2019-10-13', '46.00'),
(57, 'a17', '201910', 'Voyage SNCF', '2019-10-23', '66.00'),
(58, 'a55', '201901', 'location salle conférence', '2019-01-01', '306.00'),
(59, 'a55', '201901', 'repas avec praticien', '2019-01-14', '30.00'),
(60, 'a55', '201901', 'location véhicule', '2019-01-06', '432.00'),
(61, 'a55', '201901', 'frais vestimentaire/représentation', '2019-01-27', '285.00'),
(62, 'a55', '201901', 'repas avec praticien', '2019-01-14', '41.00'),
(63, 'a55', '201901', 'taxi', '2019-01-06', '72.00'),
(64, 'a55', '201902', 'location véhicule', '2019-02-23', '436.00'),
(65, 'a55', '201902', 'achat de matériel de papèterie', '2019-02-26', '48.00'),
(66, 'a55', '201902', 'location véhicule', '2019-02-22', '381.00'),
(67, 'a55', '201903', 'frais vestimentaire/représentation', '2019-03-28', '348.00'),
(68, 'a55', '201903', 'location véhicule', '2019-03-23', '394.00'),
(69, 'a55', '201903', 'taxi', '2019-03-18', '66.00'),
(70, 'a55', '201903', 'location véhicule', '2019-03-02', '431.00'),
(71, 'a55', '201904', 'frais vestimentaire/représentation', '2019-04-08', '313.00'),
(72, 'a55', '201904', 'rémunération intervenant/spécialiste', '2019-04-21', '1106.00'),
(73, 'a55', '201905', 'location véhicule', '2019-05-11', '238.00'),
(74, 'a55', '201905', 'location véhicule', '2019-05-26', '293.00'),
(75, 'a55', '201905', 'repas avec praticien', '2019-05-03', '41.00'),
(76, 'a55', '201905', 'location salle conférence', '2019-05-19', '203.00'),
(77, 'a55', '201906', 'location équipement vidéo/sonore', '2019-06-11', '412.00'),
(78, 'a55', '201906', 'traiteur, alimentation, boisson', '2019-06-14', '55.00'),
(79, 'a55', '201906', 'location équipement vidéo/sonore', '2019-06-06', '292.00'),
(80, 'a55', '201906', 'location équipement vidéo/sonore', '2019-06-06', '334.00'),
(81, 'a55', '201906', 'traiteur, alimentation, boisson', '2019-06-15', '218.00'),
(82, 'a55', '201907', 'location véhicule', '2019-07-12', '302.00'),
(83, 'a55', '201907', 'rémunération intervenant/spécialiste', '2019-07-10', '553.00'),
(84, 'a55', '201907', 'location véhicule', '2019-07-28', '310.00'),
(85, 'a55', '201908', 'repas avec praticien', '2019-08-22', '44.00'),
(86, 'a55', '201908', 'traiteur, alimentation, boisson', '2019-08-13', '58.00'),
(87, 'a55', '201909', 'taxi', '2019-09-03', '74.00'),
(88, 'a55', '201909', 'location salle conférence', '2019-09-17', '511.00'),
(89, 'a55', '201909', 'location salle conférence', '2019-09-23', '393.00'),
(90, 'a55', '201910', 'repas avec praticien', '2019-10-21', '31.00'),
(91, 'a93', '201901', 'location salle conférence', '2019-01-19', '468.00'),
(92, 'a93', '201901', 'location équipement vidéo/sonore', '2019-01-08', '135.00'),
(93, 'a93', '201901', 'location salle conférence', '2019-01-24', '330.00'),
(94, 'a93', '201902', 'location véhicule', '2019-02-02', '189.00'),
(95, 'a93', '201902', 'location équipement vidéo/sonore', '2019-02-01', '676.00'),
(96, 'a93', '201902', 'Voyage SNCF', '2019-02-10', '42.00'),
(97, 'a93', '201902', 'Voyage SNCF', '2019-02-02', '85.00'),
(98, 'a93', '201903', 'traiteur, alimentation, boisson', '2019-03-13', '52.00'),
(99, 'a93', '201903', 'frais vestimentaire/représentation', '2019-03-03', '369.00'),
(100, 'a93', '201904', 'location salle conférence', '2019-04-17', '412.00'),
(101, 'a93', '201905', 'location salle conférence', '2019-05-21', '294.00'),
(102, 'a93', '201905', 'Voyage SNCF', '2019-05-05', '105.00'),
(103, 'a93', '201906', 'rémunération intervenant/spécialiste', '2019-06-19', '514.00'),
(104, 'a93', '201906', 'taxi', '2019-06-19', '80.00'),
(105, 'a93', '201907', 'location salle conférence', '2019-07-06', '578.00'),
(106, 'a93', '201907', 'location véhicule', '2019-07-10', '299.00'),
(107, 'a93', '201907', 'location équipement vidéo/sonore', '2019-07-19', '843.00'),
(108, 'a93', '201907', 'taxi', '2019-07-23', '74.00'),
(109, 'a93', '201908', 'taxi', '2019-08-17', '37.00'),
(110, 'a93', '201908', 'frais vestimentaire/représentation', '2019-08-22', '357.00'),
(111, 'a93', '201908', 'location salle conférence', '2019-08-13', '383.00'),
(112, 'a93', '201908', 'location véhicule', '2019-08-09', '96.00'),
(113, 'a93', '201908', 'repas avec praticien', '2019-08-13', '44.00'),
(114, 'a93', '201909', 'location équipement vidéo/sonore', '2019-09-05', '441.00'),
(115, 'a93', '201909', 'location équipement vidéo/sonore', '2019-09-03', '697.00'),
(116, 'a93', '201909', 'traiteur, alimentation, boisson', '2019-09-04', '309.00'),
(117, 'a93', '201909', 'location salle conférence', '2019-09-03', '234.00'),
(118, 'a93', '201909', 'location véhicule', '2019-09-15', '98.00'),
(119, 'a93', '201909', 'traiteur, alimentation, boisson', '2019-09-24', '289.00'),
(120, 'a93', '201910', 'achat de matériel de papèterie', '2019-10-04', '12.00'),
(121, 'a93', '201910', 'traiteur, alimentation, boisson', '2019-10-11', '378.00'),
(122, 'a93', '201910', 'Voyage SNCF', '2019-10-23', '116.00'),
(123, 'a93', '201910', 'frais vestimentaire/représentation', '2019-10-06', '349.00'),
(124, 'b13', '201901', 'Voyage SNCF', '2019-01-25', '52.00'),
(125, 'b13', '201902', 'location salle conférence', '2019-02-20', '226.00'),
(126, 'b13', '201903', 'frais vestimentaire/représentation', '2019-03-27', '118.00'),
(127, 'b13', '201903', 'frais vestimentaire/représentation', '2019-03-07', '397.00'),
(128, 'b13', '201903', 'taxi', '2019-03-01', '21.00'),
(129, 'b13', '201903', 'achat de matériel de papèterie', '2019-03-13', '44.00'),
(130, 'b13', '201904', 'repas avec praticien', '2019-04-03', '40.00'),
(131, 'b13', '201904', 'rémunération intervenant/spécialiste', '2019-04-10', '1018.00'),
(132, 'b13', '201904', 'achat de matériel de papèterie', '2019-04-09', '42.00'),
(133, 'b13', '201905', 'rémunération intervenant/spécialiste', '2019-05-02', '934.00'),
(134, 'b13', '201905', 'location véhicule', '2019-05-08', '125.00'),
(135, 'b13', '201905', 'repas avec praticien', '2019-05-15', '50.00'),
(136, 'b13', '201905', 'achat de matériel de papèterie', '2019-05-01', '47.00'),
(137, 'b13', '201905', 'Voyage SNCF', '2019-05-04', '111.00'),
(138, 'b13', '201906', 'taxi', '2019-06-28', '28.00'),
(139, 'b13', '201906', 'achat de matériel de papèterie', '2019-06-04', '29.00'),
(140, 'b13', '201907', 'location véhicule', '2019-07-02', '89.00'),
(141, 'b13', '201908', 'traiteur, alimentation, boisson', '2019-08-14', '334.00'),
(142, 'b13', '201908', 'repas avec praticien', '2019-08-09', '41.00'),
(143, 'b13', '201908', 'location véhicule', '2019-08-13', '79.00'),
(144, 'b13', '201908', 'location équipement vidéo/sonore', '2019-08-11', '322.00'),
(145, 'b13', '201908', 'achat de matériel de papèterie', '2019-08-27', '41.00'),
(146, 'b13', '201909', 'location salle conférence', '2019-09-07', '557.00'),
(147, 'b13', '201909', 'taxi', '2019-09-15', '27.00'),
(148, 'b13', '201909', 'frais vestimentaire/représentation', '2019-09-14', '244.00'),
(149, 'b13', '201909', 'location équipement vidéo/sonore', '2019-09-19', '107.00'),
(150, 'b13', '201910', 'Voyage SNCF', '2019-10-12', '119.00'),
(151, 'b13', '201910', 'traiteur, alimentation, boisson', '2019-10-23', '405.00'),
(152, 'b13', '201910', 'frais vestimentaire/représentation', '2019-10-06', '97.00'),
(153, 'b16', '201901', 'taxi', '2019-01-27', '36.00'),
(154, 'b16', '201902', 'rémunération intervenant/spécialiste', '2019-02-07', '1019.00'),
(155, 'b16', '201903', 'Voyage SNCF', '2019-03-13', '133.00'),
(156, 'b16', '201903', 'achat de matériel de papèterie', '2019-03-16', '50.00'),
(157, 'b16', '201904', 'taxi', '2019-04-03', '35.00'),
(158, 'b16', '201904', 'repas avec praticien', '2019-04-02', '40.00'),
(159, 'b16', '201904', 'frais vestimentaire/représentation', '2019-04-10', '247.00'),
(160, 'b16', '201905', 'location salle conférence', '2019-05-12', '279.00'),
(161, 'b16', '201906', 'Voyage SNCF', '2019-06-09', '66.00'),
(162, 'b16', '201906', 'traiteur, alimentation, boisson', '2019-06-07', '165.00'),
(163, 'b16', '201906', 'rémunération intervenant/spécialiste', '2019-06-01', '663.00'),
(164, 'b16', '201906', 'location salle conférence', '2019-06-02', '377.00'),
(165, 'b16', '201906', 'traiteur, alimentation, boisson', '2019-06-07', '363.00'),
(166, 'b16', '201907', 'Voyage SNCF', '2019-07-18', '52.00'),
(167, 'b16', '201907', 'achat de matériel de papèterie', '2019-07-15', '17.00'),
(168, 'b16', '201907', 'location salle conférence', '2019-07-15', '605.00'),
(169, 'b16', '201908', 'repas avec praticien', '2019-08-01', '38.00'),
(170, 'b16', '201909', 'repas avec praticien', '2019-09-03', '47.00'),
(171, 'b16', '201910', 'location équipement vidéo/sonore', '2019-10-07', '135.00'),
(172, 'b16', '201910', 'rémunération intervenant/spécialiste', '2019-10-24', '820.00'),
(173, 'b16', '201910', 'traiteur, alimentation, boisson', '2019-10-08', '308.00'),
(174, 'b19', '201901', 'location salle conférence', '2019-01-04', '447.00'),
(175, 'b19', '201902', 'Voyage SNCF', '2019-02-20', '137.00'),
(176, 'b19', '201902', 'rémunération intervenant/spécialiste', '2019-02-11', '986.00'),
(177, 'b19', '201902', 'traiteur, alimentation, boisson', '2019-02-01', '346.00'),
(178, 'b19', '201902', 'traiteur, alimentation, boisson', '2019-02-05', '69.00'),
(179, 'b19', '201902', 'repas avec praticien', '2019-02-17', '31.00'),
(180, 'b19', '201902', 'location salle conférence', '2019-02-15', '253.00'),
(181, 'b19', '201903', 'repas avec praticien', '2019-03-23', '49.00'),
(182, 'b19', '201903', 'taxi', '2019-03-01', '21.00'),
(183, 'b19', '201903', 'location salle conférence', '2019-03-07', '129.00'),
(184, 'b19', '201904', 'location équipement vidéo/sonore', '2019-04-23', '346.00'),
(185, 'b19', '201905', 'rémunération intervenant/spécialiste', '2019-05-02', '699.00'),
(186, 'b19', '201905', 'rémunération intervenant/spécialiste', '2019-05-16', '695.00'),
(187, 'b19', '201906', 'repas avec praticien', '2019-06-17', '41.00'),
(188, 'b19', '201907', 'achat de matériel de papèterie', '2019-07-05', '48.00'),
(189, 'b19', '201907', 'location véhicule', '2019-07-26', '232.00'),
(190, 'b19', '201907', 'traiteur, alimentation, boisson', '2019-07-16', '28.00'),
(191, 'b19', '201908', 'Voyage SNCF', '2019-08-21', '65.00'),
(192, 'b19', '201908', 'frais vestimentaire/représentation', '2019-08-03', '442.00'),
(193, 'b19', '201908', 'location véhicule', '2019-08-17', '105.00'),
(194, 'b19', '201908', 'frais vestimentaire/représentation', '2019-08-17', '387.00'),
(195, 'b19', '201908', 'traiteur, alimentation, boisson', '2019-08-23', '109.00'),
(196, 'b19', '201909', 'repas avec praticien', '2019-09-07', '31.00'),
(197, 'b19', '201909', 'location véhicule', '2019-09-22', '330.00'),
(198, 'b19', '201910', 'location véhicule', '2019-10-21', '272.00'),
(199, 'b19', '201910', 'repas avec praticien', '2019-10-03', '43.00'),
(200, 'b19', '201910', 'location véhicule', '2019-10-25', '299.00'),
(201, 'b19', '201910', 'location salle conférence', '2019-10-06', '349.00'),
(202, 'b25', '201901', 'location équipement vidéo/sonore', '2019-01-14', '235.00'),
(203, 'b25', '201902', 'repas avec praticien', '2019-02-08', '42.00'),
(204, 'b25', '201902', 'frais vestimentaire/représentation', '2019-02-06', '341.00'),
(205, 'b25', '201903', 'frais vestimentaire/représentation', '2019-03-13', '43.00'),
(206, 'b25', '201904', 'repas avec praticien', '2019-04-25', '42.00'),
(207, 'b25', '201904', 'frais vestimentaire/représentation', '2019-04-27', '345.00'),
(208, 'b25', '201904', 'rémunération intervenant/spécialiste', '2019-04-11', '1068.00'),
(209, 'b25', '201904', 'location salle conférence', '2019-04-27', '558.00'),
(210, 'b25', '201904', 'traiteur, alimentation, boisson', '2019-04-03', '216.00'),
(211, 'b25', '201905', 'traiteur, alimentation, boisson', '2019-05-23', '25.00'),
(212, 'b25', '201906', 'achat de matériel de papèterie', '2019-06-20', '20.00'),
(213, 'b25', '201906', 'achat de matériel de papèterie', '2019-06-18', '35.00'),
(214, 'b25', '201906', 'frais vestimentaire/représentation', '2019-06-05', '105.00'),
(215, 'b25', '201906', 'location salle conférence', '2019-06-19', '629.00'),
(216, 'b25', '201906', 'location salle conférence', '2019-06-13', '465.00'),
(217, 'b25', '201907', 'traiteur, alimentation, boisson', '2019-07-24', '149.00'),
(218, 'b25', '201907', 'location véhicule', '2019-07-15', '225.00'),
(219, 'b25', '201907', 'rémunération intervenant/spécialiste', '2019-07-14', '519.00'),
(220, 'b25', '201907', 'frais vestimentaire/représentation', '2019-07-07', '218.00'),
(221, 'b25', '201908', 'traiteur, alimentation, boisson', '2019-08-23', '438.00'),
(222, 'b25', '201909', 'repas avec praticien', '2019-09-15', '34.00'),
(223, 'b25', '201909', 'taxi', '2019-09-02', '42.00'),
(224, 'b25', '201909', 'taxi', '2019-09-09', '52.00'),
(225, 'b25', '201910', 'achat de matériel de papèterie', '2019-10-27', '45.00'),
(226, 'b25', '201910', 'frais vestimentaire/représentation', '2019-10-25', '137.00'),
(227, 'b28', '201901', 'repas avec praticien', '2019-01-19', '43.00'),
(228, 'b28', '201901', 'frais vestimentaire/représentation', '2019-01-05', '261.00'),
(229, 'b28', '201902', 'frais vestimentaire/représentation', '2019-02-23', '427.00'),
(230, 'b28', '201902', 'achat de matériel de papèterie', '2019-02-08', '39.00'),
(231, 'b28', '201902', 'frais vestimentaire/représentation', '2019-02-14', '155.00'),
(232, 'b28', '201902', 'repas avec praticien', '2019-02-09', '42.00'),
(233, 'b28', '201903', 'location équipement vidéo/sonore', '2019-03-05', '277.00'),
(234, 'b28', '201903', 'taxi', '2019-03-20', '73.00'),
(235, 'b28', '201903', 'location véhicule', '2019-03-08', '80.00'),
(236, 'b28', '201903', 'Voyage SNCF', '2019-03-20', '128.00'),
(237, 'b28', '201903', 'frais vestimentaire/représentation', '2019-03-04', '119.00'),
(238, 'b28', '201904', 'location véhicule', '2019-04-07', '140.00'),
(239, 'b28', '201904', 'frais vestimentaire/représentation', '2019-04-04', '434.00'),
(240, 'b28', '201904', 'taxi', '2019-04-06', '45.00'),
(241, 'b28', '201905', 'traiteur, alimentation, boisson', '2019-05-20', '244.00'),
(242, 'b28', '201905', 'location salle conférence', '2019-05-26', '516.00'),
(243, 'b28', '201906', 'location salle conférence', '2019-06-12', '331.00'),
(244, 'b28', '201906', 'taxi', '2019-06-01', '35.00'),
(245, 'b28', '201906', 'location salle conférence', '2019-06-12', '212.00'),
(246, 'b28', '201907', 'location équipement vidéo/sonore', '2019-07-01', '146.00'),
(247, 'b28', '201908', 'location salle conférence', '2019-08-18', '634.00'),
(248, 'b28', '201908', 'traiteur, alimentation, boisson', '2019-08-16', '72.00'),
(249, 'b28', '201908', 'traiteur, alimentation, boisson', '2019-08-23', '114.00'),
(250, 'b28', '201908', 'location salle conférence', '2019-08-15', '257.00'),
(251, 'b28', '201908', 'achat de matériel de papèterie', '2019-08-19', '34.00'),
(252, 'b28', '201908', 'location salle conférence', '2019-08-14', '166.00'),
(253, 'b28', '201909', 'traiteur, alimentation, boisson', '2019-09-25', '87.00'),
(254, 'b28', '201910', 'Voyage SNCF', '2019-10-16', '63.00'),
(255, 'b34', '201901', 'repas avec praticien', '2019-01-07', '44.00'),
(256, 'b34', '201901', 'location salle conférence', '2019-01-10', '206.00'),
(257, 'b34', '201901', 'location véhicule', '2019-01-08', '54.00'),
(258, 'b34', '201901', 'repas avec praticien', '2019-01-12', '37.00'),
(259, 'b34', '201902', 'taxi', '2019-02-01', '45.00'),
(260, 'b34', '201902', 'Voyage SNCF', '2019-02-11', '122.00'),
(261, 'b34', '201902', 'frais vestimentaire/représentation', '2019-02-26', '424.00'),
(262, 'b34', '201903', 'Voyage SNCF', '2019-03-13', '122.00'),
(263, 'b34', '201903', 'repas avec praticien', '2019-03-27', '31.00'),
(264, 'b34', '201903', 'achat de matériel de papèterie', '2019-03-02', '45.00'),
(265, 'b34', '201903', 'location équipement vidéo/sonore', '2019-03-08', '308.00'),
(266, 'b34', '201903', 'rémunération intervenant/spécialiste', '2019-03-28', '290.00'),
(267, 'b34', '201904', 'location équipement vidéo/sonore', '2019-04-04', '177.00'),
(268, 'b34', '201905', 'traiteur, alimentation, boisson', '2019-05-07', '369.00'),
(269, 'b34', '201905', 'location véhicule', '2019-05-15', '310.00'),
(270, 'b34', '201906', 'location salle conférence', '2019-06-22', '398.00'),
(271, 'b34', '201907', 'frais vestimentaire/représentation', '2019-07-26', '134.00'),
(272, 'b34', '201907', 'traiteur, alimentation, boisson', '2019-07-06', '348.00'),
(273, 'b34', '201907', 'location équipement vidéo/sonore', '2019-07-17', '594.00'),
(274, 'b34', '201908', 'rémunération intervenant/spécialiste', '2019-08-21', '790.00'),
(275, 'b34', '201909', 'frais vestimentaire/représentation', '2019-09-28', '299.00'),
(276, 'b34', '201909', 'repas avec praticien', '2019-09-12', '46.00'),
(277, 'b34', '201910', 'achat de matériel de papèterie', '2019-10-01', '14.00'),
(278, 'b4', '201901', 'location équipement vidéo/sonore', '2019-01-19', '617.00'),
(279, 'b4', '201901', 'taxi', '2019-01-20', '39.00'),
(280, 'b4', '201901', 'Voyage SNCF', '2019-01-11', '136.00'),
(281, 'b4', '201902', 'rémunération intervenant/spécialiste', '2019-02-15', '1009.00'),
(282, 'b4', '201902', 'traiteur, alimentation, boisson', '2019-02-15', '447.00'),
(283, 'b4', '201902', 'achat de matériel de papèterie', '2019-02-23', '35.00'),
(284, 'b4', '201902', 'rémunération intervenant/spécialiste', '2019-02-02', '828.00'),
(285, 'b4', '201902', 'frais vestimentaire/représentation', '2019-02-22', '274.00'),
(286, 'b4', '201903', 'traiteur, alimentation, boisson', '2019-03-17', '181.00'),
(287, 'b4', '201903', 'taxi', '2019-03-05', '37.00'),
(288, 'b4', '201903', 'Voyage SNCF', '2019-03-14', '37.00'),
(289, 'b4', '201903', 'taxi', '2019-03-05', '21.00'),
(290, 'b4', '201904', 'Voyage SNCF', '2019-04-10', '122.00'),
(291, 'b4', '201905', 'repas avec praticien', '2019-05-18', '47.00'),
(292, 'b4', '201906', 'location véhicule', '2019-06-24', '227.00'),
(293, 'b4', '201906', 'location équipement vidéo/sonore', '2019-06-17', '446.00'),
(294, 'b4', '201906', 'location véhicule', '2019-06-03', '231.00'),
(295, 'b4', '201906', 'location véhicule', '2019-06-15', '155.00'),
(296, 'b4', '201907', 'location véhicule', '2019-07-18', '135.00'),
(297, 'b4', '201908', 'location véhicule', '2019-08-05', '364.00'),
(298, 'b4', '201908', 'achat de matériel de papèterie', '2019-08-05', '43.00'),
(299, 'b4', '201908', 'rémunération intervenant/spécialiste', '2019-08-02', '327.00'),
(300, 'b4', '201909', 'rémunération intervenant/spécialiste', '2019-09-27', '706.00'),
(301, 'b4', '201909', 'repas avec praticien', '2019-09-25', '35.00'),
(302, 'b4', '201909', 'achat de matériel de papèterie', '2019-09-22', '47.00'),
(303, 'b4', '201910', 'Voyage SNCF', '2019-10-19', '125.00'),
(304, 'b4', '201910', 'traiteur, alimentation, boisson', '2019-10-03', '396.00'),
(305, 'b4', '201910', 'Voyage SNCF', '2019-10-24', '45.00'),
(306, 'b4', '201910', 'frais vestimentaire/représentation', '2019-10-17', '188.00'),
(307, 'b4', '201910', 'frais vestimentaire/représentation', '2019-10-14', '67.00'),
(308, 'b50', '201901', 'location salle conférence', '2019-01-02', '218.00'),
(309, 'b50', '201901', 'location équipement vidéo/sonore', '2019-01-10', '723.00'),
(310, 'b50', '201901', 'repas avec praticien', '2019-01-16', '46.00'),
(311, 'b50', '201901', 'taxi', '2019-01-19', '38.00'),
(312, 'b50', '201901', 'location salle conférence', '2019-01-20', '617.00'),
(313, 'b50', '201901', 'taxi', '2019-01-07', '67.00'),
(314, 'b50', '201902', 'Voyage SNCF', '2019-02-21', '53.00'),
(315, 'b50', '201902', 'location véhicule', '2019-02-17', '74.00'),
(316, 'b50', '201902', 'location salle conférence', '2019-02-05', '290.00'),
(317, 'b50', '201902', 'location véhicule', '2019-02-19', '235.00'),
(318, 'b50', '201903', 'achat de matériel de papèterie', '2019-03-23', '39.00'),
(319, 'b50', '201903', 'repas avec praticien', '2019-03-14', '34.00'),
(320, 'b50', '201903', 'achat de matériel de papèterie', '2019-03-06', '25.00'),
(321, 'b50', '201904', 'traiteur, alimentation, boisson', '2019-04-16', '447.00'),
(322, 'b50', '201904', 'location véhicule', '2019-04-21', '323.00'),
(323, 'b50', '201904', 'repas avec praticien', '2019-04-21', '42.00'),
(324, 'b50', '201904', 'achat de matériel de papèterie', '2019-04-16', '30.00'),
(325, 'b50', '201905', 'Voyage SNCF', '2019-05-08', '38.00'),
(326, 'b50', '201905', 'taxi', '2019-05-23', '76.00'),
(327, 'b50', '201905', 'frais vestimentaire/représentation', '2019-05-04', '349.00'),
(328, 'b50', '201905', 'location salle conférence', '2019-05-28', '342.00'),
(329, 'b50', '201905', 'taxi', '2019-05-04', '42.00'),
(330, 'b50', '201905', 'Voyage SNCF', '2019-05-20', '43.00'),
(331, 'b50', '201906', 'achat de matériel de papèterie', '2019-06-12', '42.00'),
(332, 'b50', '201906', 'rémunération intervenant/spécialiste', '2019-06-28', '1178.00'),
(333, 'b50', '201907', 'location salle conférence', '2019-07-21', '515.00'),
(334, 'b50', '201907', 'Voyage SNCF', '2019-07-25', '99.00'),
(335, 'b50', '201907', 'frais vestimentaire/représentation', '2019-07-15', '406.00'),
(336, 'b50', '201907', 'taxi', '2019-07-12', '33.00'),
(337, 'b50', '201907', 'rémunération intervenant/spécialiste', '2019-07-28', '891.00'),
(338, 'b50', '201908', 'frais vestimentaire/représentation', '2019-08-24', '339.00'),
(339, 'b50', '201908', 'frais vestimentaire/représentation', '2019-08-25', '427.00'),
(340, 'b50', '201908', 'location équipement vidéo/sonore', '2019-08-13', '226.00'),
(341, 'b50', '201909', 'location salle conférence', '2019-09-26', '483.00'),
(342, 'b50', '201909', 'Voyage SNCF', '2019-09-04', '46.00'),
(343, 'b50', '201909', 'Voyage SNCF', '2019-09-10', '114.00'),
(344, 'b50', '201909', 'frais vestimentaire/représentation', '2019-09-01', '312.00'),
(345, 'b50', '201910', 'frais vestimentaire/représentation', '2019-10-08', '273.00'),
(346, 'b50', '201910', 'frais vestimentaire/représentation', '2019-10-05', '305.00'),
(347, 'b59', '201901', 'location salle conférence', '2019-01-18', '424.00'),
(348, 'b59', '201902', 'rémunération intervenant/spécialiste', '2019-02-17', '1122.00'),
(349, 'b59', '201902', 'location équipement vidéo/sonore', '2019-02-04', '317.00'),
(350, 'b59', '201902', 'repas avec praticien', '2019-02-25', '41.00'),
(351, 'b59', '201902', 'frais vestimentaire/représentation', '2019-02-04', '447.00'),
(352, 'b59', '201902', 'traiteur, alimentation, boisson', '2019-02-15', '391.00'),
(353, 'b59', '201903', 'Voyage SNCF', '2019-03-12', '58.00'),
(354, 'b59', '201903', 'repas avec praticien', '2019-03-01', '33.00'),
(355, 'b59', '201903', 'rémunération intervenant/spécialiste', '2019-03-24', '288.00'),
(356, 'b59', '201903', 'taxi', '2019-03-02', '27.00'),
(357, 'b59', '201904', 'traiteur, alimentation, boisson', '2019-04-01', '383.00'),
(358, 'b59', '201905', 'repas avec praticien', '2019-05-21', '32.00'),
(359, 'b59', '201905', 'location véhicule', '2019-05-26', '130.00'),
(360, 'b59', '201905', 'location salle conférence', '2019-05-15', '563.00'),
(361, 'b59', '201905', 'achat de matériel de papèterie', '2019-05-09', '14.00'),
(362, 'b59', '201905', 'location véhicule', '2019-05-23', '383.00'),
(363, 'b59', '201906', 'Voyage SNCF', '2019-06-20', '123.00'),
(364, 'b59', '201906', 'frais vestimentaire/représentation', '2019-06-28', '28.00'),
(365, 'b59', '201906', 'taxi', '2019-06-21', '53.00'),
(366, 'b59', '201906', 'rémunération intervenant/spécialiste', '2019-06-18', '552.00'),
(367, 'b59', '201907', 'repas avec praticien', '2019-07-04', '45.00'),
(368, 'b59', '201907', 'repas avec praticien', '2019-07-04', '45.00'),
(369, 'b59', '201907', 'location équipement vidéo/sonore', '2019-07-24', '435.00'),
(370, 'b59', '201907', 'taxi', '2019-07-25', '32.00'),
(371, 'b59', '201907', 'location salle conférence', '2019-07-28', '159.00'),
(372, 'b59', '201908', 'achat de matériel de papèterie', '2019-08-08', '11.00'),
(373, 'b59', '201908', 'achat de matériel de papèterie', '2019-08-21', '26.00'),
(374, 'b59', '201909', 'Voyage SNCF', '2019-09-22', '84.00'),
(375, 'b59', '201909', 'traiteur, alimentation, boisson', '2019-09-19', '298.00'),
(376, 'b59', '201909', 'frais vestimentaire/représentation', '2019-09-28', '206.00'),
(377, 'b59', '201909', 'frais vestimentaire/représentation', '2019-09-17', '340.00'),
(378, 'b59', '201910', 'taxi', '2019-10-07', '27.00'),
(379, 'b59', '201910', 'rémunération intervenant/spécialiste', '2019-10-10', '621.00'),
(380, 'b59', '201910', 'traiteur, alimentation, boisson', '2019-10-08', '398.00'),
(381, 'b59', '201910', 'Voyage SNCF', '2019-10-02', '81.00'),
(382, 'c14', '201901', 'achat de matériel de papèterie', '2019-01-05', '18.00'),
(383, 'c14', '201901', 'repas avec praticien', '2019-01-17', '41.00'),
(384, 'c14', '201901', 'Voyage SNCF', '2019-01-14', '125.00'),
(385, 'c14', '201901', 'Voyage SNCF', '2019-01-16', '38.00'),
(386, 'c14', '201902', 'Voyage SNCF', '2019-02-08', '56.00'),
(387, 'c14', '201902', 'frais vestimentaire/représentation', '2019-02-17', '352.00'),
(388, 'c14', '201902', 'location salle conférence', '2019-02-21', '638.00'),
(389, 'c14', '201902', 'location véhicule', '2019-02-11', '156.00'),
(390, 'c14', '201902', 'achat de matériel de papèterie', '2019-02-16', '18.00'),
(391, 'c14', '201903', 'rémunération intervenant/spécialiste', '2019-03-22', '894.00'),
(392, 'c14', '201903', 'frais vestimentaire/représentation', '2019-03-04', '75.00'),
(393, 'c14', '201903', 'traiteur, alimentation, boisson', '2019-03-03', '197.00'),
(394, 'c14', '201904', 'location véhicule', '2019-04-07', '277.00'),
(395, 'c14', '201904', 'frais vestimentaire/représentation', '2019-04-12', '164.00'),
(396, 'c14', '201904', 'rémunération intervenant/spécialiste', '2019-04-13', '276.00'),
(397, 'c14', '201904', 'achat de matériel de papèterie', '2019-04-28', '16.00'),
(398, 'c14', '201904', 'location équipement vidéo/sonore', '2019-04-01', '263.00'),
(399, 'c14', '201905', 'taxi', '2019-05-11', '53.00'),
(400, 'c14', '201905', 'location équipement vidéo/sonore', '2019-05-04', '319.00'),
(401, 'c14', '201905', 'Voyage SNCF', '2019-05-19', '85.00'),
(402, 'c14', '201905', 'achat de matériel de papèterie', '2019-05-07', '34.00'),
(403, 'c14', '201905', 'location équipement vidéo/sonore', '2019-05-26', '662.00'),
(404, 'c14', '201906', 'frais vestimentaire/représentation', '2019-06-03', '330.00'),
(405, 'c14', '201906', 'location équipement vidéo/sonore', '2019-06-18', '181.00'),
(406, 'c14', '201906', 'traiteur, alimentation, boisson', '2019-06-11', '318.00'),
(407, 'c14', '201906', 'Voyage SNCF', '2019-06-20', '107.00'),
(408, 'c14', '201907', 'location salle conférence', '2019-07-20', '229.00'),
(409, 'c14', '201907', 'traiteur, alimentation, boisson', '2019-07-15', '88.00'),
(410, 'c14', '201907', 'frais vestimentaire/représentation', '2019-07-19', '80.00'),
(411, 'c14', '201907', 'frais vestimentaire/représentation', '2019-07-25', '44.00'),
(412, 'c14', '201907', 'traiteur, alimentation, boisson', '2019-07-01', '111.00'),
(413, 'c14', '201908', 'traiteur, alimentation, boisson', '2019-08-27', '324.00'),
(414, 'c14', '201908', 'taxi', '2019-08-12', '43.00'),
(415, 'c14', '201908', 'Voyage SNCF', '2019-08-12', '110.00'),
(416, 'c14', '201908', 'achat de matériel de papèterie', '2019-08-05', '12.00'),
(417, 'c14', '201910', 'taxi', '2019-10-20', '65.00'),
(418, 'c14', '201910', 'achat de matériel de papèterie', '2019-10-02', '14.00'),
(419, 'c14', '201910', 'location équipement vidéo/sonore', '2019-10-23', '399.00'),
(420, 'c3', '201901', 'location véhicule', '2019-01-19', '201.00'),
(421, 'c3', '201902', 'traiteur, alimentation, boisson', '2019-02-23', '325.00'),
(422, 'c3', '201903', 'location véhicule', '2019-03-23', '199.00'),
(423, 'c3', '201903', 'achat de matériel de papèterie', '2019-03-19', '31.00'),
(424, 'c3', '201903', 'location véhicule', '2019-03-08', '331.00'),
(425, 'c3', '201903', 'taxi', '2019-03-23', '48.00'),
(426, 'c3', '201904', 'repas avec praticien', '2019-04-28', '35.00'),
(427, 'c3', '201904', 'rémunération intervenant/spécialiste', '2019-04-06', '680.00'),
(428, 'c3', '201905', 'repas avec praticien', '2019-05-26', '46.00'),
(429, 'c3', '201907', 'rémunération intervenant/spécialiste', '2019-07-11', '787.00'),
(430, 'c3', '201907', 'frais vestimentaire/représentation', '2019-07-23', '340.00'),
(431, 'c3', '201908', 'location salle conférence', '2019-08-18', '465.00'),
(432, 'c3', '201908', 'frais vestimentaire/représentation', '2019-08-02', '144.00'),
(433, 'c3', '201908', 'location équipement vidéo/sonore', '2019-08-15', '124.00'),
(434, 'c3', '201909', 'Voyage SNCF', '2019-09-16', '51.00'),
(435, 'c3', '201910', 'achat de matériel de papèterie', '2019-10-07', '36.00'),
(436, 'c3', '201910', 'traiteur, alimentation, boisson', '2019-10-24', '201.00'),
(437, 'c54', '201901', 'achat de matériel de papèterie', '2019-01-10', '23.00'),
(438, 'c54', '201902', 'location salle conférence', '2019-02-18', '396.00'),
(439, 'c54', '201903', 'repas avec praticien', '2019-03-07', '50.00'),
(440, 'c54', '201904', 'taxi', '2019-04-21', '80.00'),
(441, 'c54', '201904', 'rémunération intervenant/spécialiste', '2019-04-19', '1057.00'),
(442, 'c54', '201904', 'location équipement vidéo/sonore', '2019-04-27', '173.00'),
(443, 'c54', '201904', 'frais vestimentaire/représentation', '2019-04-18', '437.00'),
(444, 'c54', '201904', 'taxi', '2019-04-16', '50.00'),
(445, 'c54', '201905', 'achat de matériel de papèterie', '2019-05-10', '44.00'),
(446, 'c54', '201905', 'repas avec praticien', '2019-05-20', '45.00'),
(447, 'c54', '201906', 'repas avec praticien', '2019-06-07', '41.00'),
(448, 'c54', '201906', 'location salle conférence', '2019-06-14', '182.00'),
(449, 'c54', '201906', 'traiteur, alimentation, boisson', '2019-06-25', '254.00'),
(450, 'c54', '201906', 'location salle conférence', '2019-06-07', '491.00'),
(451, 'c54', '201906', 'location salle conférence', '2019-06-03', '143.00'),
(452, 'c54', '201906', 'taxi', '2019-06-16', '72.00'),
(453, 'c54', '201907', 'traiteur, alimentation, boisson', '2019-07-17', '316.00'),
(454, 'c54', '201908', 'repas avec praticien', '2019-08-05', '48.00'),
(455, 'c54', '201908', 'frais vestimentaire/représentation', '2019-08-06', '299.00'),
(456, 'c54', '201908', 'Voyage SNCF', '2019-08-25', '70.00'),
(457, 'c54', '201909', 'location véhicule', '2019-09-09', '229.00'),
(458, 'c54', '201909', 'achat de matériel de papèterie', '2019-09-10', '32.00'),
(459, 'c54', '201910', 'rémunération intervenant/spécialiste', '2019-10-25', '851.00'),
(460, 'c54', '201910', 'achat de matériel de papèterie', '2019-10-15', '18.00'),
(461, 'c54', '201910', 'frais vestimentaire/représentation', '2019-10-20', '215.00'),
(462, 'c54', '201910', 'Voyage SNCF', '2019-10-03', '120.00'),
(463, 'c54', '201910', 'Voyage SNCF', '2019-10-03', '35.00'),
(464, 'c54', '201910', 'rémunération intervenant/spécialiste', '2019-10-16', '355.00'),
(465, 'd13', '201901', 'achat de matériel de papèterie', '2019-01-25', '45.00'),
(466, 'd13', '201901', 'frais vestimentaire/représentation', '2019-01-01', '29.00'),
(467, 'd13', '201901', 'Voyage SNCF', '2019-01-11', '126.00'),
(468, 'd13', '201901', 'location équipement vidéo/sonore', '2019-01-09', '820.00'),
(469, 'd13', '201902', 'repas avec praticien', '2019-02-03', '46.00'),
(470, 'd13', '201902', 'achat de matériel de papèterie', '2019-02-06', '24.00'),
(471, 'd13', '201902', 'location véhicule', '2019-02-09', '271.00'),
(472, 'd13', '201902', 'traiteur, alimentation, boisson', '2019-02-16', '433.00'),
(473, 'd13', '201902', 'achat de matériel de papèterie', '2019-02-23', '37.00'),
(474, 'd13', '201903', 'repas avec praticien', '2019-03-28', '44.00'),
(475, 'd13', '201903', 'repas avec praticien', '2019-03-11', '31.00'),
(476, 'd13', '201903', 'Voyage SNCF', '2019-03-26', '31.00'),
(477, 'd13', '201904', 'location équipement vidéo/sonore', '2019-04-11', '751.00'),
(478, 'd13', '201905', 'repas avec praticien', '2019-05-11', '45.00'),
(479, 'd13', '201905', 'repas avec praticien', '2019-05-09', '33.00'),
(480, 'd13', '201906', 'location équipement vidéo/sonore', '2019-06-12', '372.00'),
(481, 'd13', '201907', 'achat de matériel de papèterie', '2019-07-06', '40.00'),
(482, 'd13', '201907', 'location salle conférence', '2019-07-12', '511.00'),
(483, 'd13', '201907', 'rémunération intervenant/spécialiste', '2019-07-21', '633.00'),
(484, 'd13', '201907', 'repas avec praticien', '2019-07-20', '33.00'),
(485, 'd13', '201908', 'rémunération intervenant/spécialiste', '2019-08-16', '821.00'),
(486, 'd13', '201908', 'Voyage SNCF', '2019-08-16', '83.00'),
(487, 'd13', '201908', 'location véhicule', '2019-08-06', '172.00'),
(488, 'd13', '201909', 'location équipement vidéo/sonore', '2019-09-18', '599.00'),
(489, 'd13', '201909', 'achat de matériel de papèterie', '2019-09-25', '45.00'),
(490, 'd13', '201909', 'rémunération intervenant/spécialiste', '2019-09-13', '1027.00'),
(491, 'd13', '201909', 'taxi', '2019-09-23', '53.00'),
(492, 'd13', '201910', 'location équipement vidéo/sonore', '2019-10-17', '566.00'),
(493, 'd51', '201901', 'location véhicule', '2019-01-20', '29.00'),
(494, 'd51', '201901', 'traiteur, alimentation, boisson', '2019-01-26', '58.00'),
(495, 'd51', '201901', 'Voyage SNCF', '2019-01-26', '45.00'),
(496, 'd51', '201901', 'location véhicule', '2019-01-14', '37.00'),
(497, 'd51', '201902', 'frais vestimentaire/représentation', '2019-02-20', '368.00'),
(498, 'd51', '201902', 'location véhicule', '2019-02-07', '421.00'),
(499, 'd51', '201902', 'achat de matériel de papèterie', '2019-02-20', '47.00'),
(500, 'd51', '201902', 'frais vestimentaire/représentation', '2019-02-21', '276.00'),
(501, 'd51', '201902', 'taxi', '2019-02-23', '48.00'),
(502, 'd51', '201903', 'rémunération intervenant/spécialiste', '2019-03-15', '707.00'),
(503, 'd51', '201903', 'location véhicule', '2019-03-02', '305.00'),
(504, 'd51', '201903', 'Voyage SNCF', '2019-03-14', '37.00'),
(505, 'd51', '201903', 'rémunération intervenant/spécialiste', '2019-03-14', '431.00'),
(506, 'd51', '201903', 'location véhicule', '2019-03-26', '242.00'),
(507, 'd51', '201904', 'achat de matériel de papèterie', '2019-04-10', '44.00'),
(508, 'd51', '201904', 'traiteur, alimentation, boisson', '2019-04-02', '208.00'),
(509, 'd51', '201904', 'location salle conférence', '2019-04-19', '296.00'),
(510, 'd51', '201904', 'location véhicule', '2019-04-17', '286.00'),
(511, 'd51', '201904', 'location salle conférence', '2019-04-05', '239.00'),
(512, 'd51', '201904', 'achat de matériel de papèterie', '2019-04-22', '11.00'),
(513, 'd51', '201905', 'frais vestimentaire/représentation', '2019-05-25', '422.00'),
(514, 'd51', '201905', 'traiteur, alimentation, boisson', '2019-05-27', '142.00'),
(515, 'd51', '201905', 'location salle conférence', '2019-05-13', '326.00'),
(516, 'd51', '201905', 'repas avec praticien', '2019-05-28', '43.00'),
(517, 'd51', '201905', 'repas avec praticien', '2019-05-08', '33.00'),
(518, 'd51', '201905', 'frais vestimentaire/représentation', '2019-05-09', '392.00'),
(519, 'd51', '201907', 'repas avec praticien', '2019-07-26', '49.00'),
(520, 'd51', '201907', 'taxi', '2019-07-27', '32.00'),
(521, 'd51', '201907', 'rémunération intervenant/spécialiste', '2019-07-16', '454.00'),
(522, 'd51', '201908', 'achat de matériel de papèterie', '2019-08-14', '40.00'),
(523, 'd51', '201908', 'repas avec praticien', '2019-08-03', '35.00'),
(524, 'd51', '201908', 'location salle conférence', '2019-08-06', '530.00'),
(525, 'd51', '201909', 'location véhicule', '2019-09-11', '258.00'),
(526, 'd51', '201909', 'location véhicule', '2019-09-02', '216.00'),
(527, 'd51', '201909', 'rémunération intervenant/spécialiste', '2019-09-17', '629.00'),
(528, 'd51', '201910', 'repas avec praticien', '2019-10-16', '31.00'),
(529, 'd51', '201910', 'location salle conférence', '2019-10-20', '308.00'),
(530, 'd51', '201910', 'location véhicule', '2019-10-16', '444.00'),
(531, 'd51', '201910', 'location véhicule', '2019-10-01', '276.00'),
(532, 'd51', '201910', 'location salle conférence', '2019-10-21', '619.00'),
(533, 'd51', '201910', 'repas avec praticien', '2019-10-03', '43.00'),
(534, 'e22', '201901', 'location véhicule', '2019-01-14', '180.00'),
(535, 'e22', '201902', 'location véhicule', '2019-02-23', '80.00'),
(536, 'e22', '201902', 'achat de matériel de papèterie', '2019-02-01', '20.00'),
(537, 'e22', '201902', 'repas avec praticien', '2019-02-21', '49.00'),
(538, 'e22', '201902', 'repas avec praticien', '2019-02-02', '42.00'),
(539, 'e22', '201902', 'rémunération intervenant/spécialiste', '2019-02-16', '280.00'),
(540, 'e22', '201903', 'achat de matériel de papèterie', '2019-03-07', '43.00'),
(541, 'e22', '201903', 'achat de matériel de papèterie', '2019-03-15', '20.00'),
(542, 'e22', '201903', 'taxi', '2019-03-22', '62.00'),
(543, 'e22', '201903', 'frais vestimentaire/représentation', '2019-03-20', '168.00'),
(544, 'e22', '201904', 'Voyage SNCF', '2019-04-16', '140.00'),
(545, 'e22', '201904', 'repas avec praticien', '2019-04-10', '34.00'),
(546, 'e22', '201905', 'taxi', '2019-05-26', '23.00'),
(547, 'e22', '201905', 'frais vestimentaire/représentation', '2019-05-03', '142.00'),
(548, 'e22', '201905', 'frais vestimentaire/représentation', '2019-05-01', '390.00'),
(549, 'e22', '201905', 'location salle conférence', '2019-05-18', '517.00'),
(550, 'e22', '201906', 'location véhicule', '2019-06-24', '427.00'),
(551, 'e22', '201906', 'traiteur, alimentation, boisson', '2019-06-09', '268.00'),
(552, 'e22', '201906', 'repas avec praticien', '2019-06-03', '36.00'),
(553, 'e22', '201906', 'location véhicule', '2019-06-18', '73.00'),
(554, 'e22', '201906', 'Voyage SNCF', '2019-06-12', '125.00'),
(555, 'e22', '201907', 'achat de matériel de papèterie', '2019-07-11', '20.00'),
(556, 'e22', '201907', 'achat de matériel de papèterie', '2019-07-14', '50.00'),
(557, 'e22', '201907', 'traiteur, alimentation, boisson', '2019-07-16', '44.00'),
(558, 'e22', '201907', 'repas avec praticien', '2019-07-06', '47.00'),
(559, 'e22', '201909', 'location salle conférence', '2019-09-05', '120.00'),
(560, 'e22', '201909', 'repas avec praticien', '2019-09-09', '34.00'),
(561, 'e22', '201909', 'location véhicule', '2019-09-15', '148.00'),
(562, 'e22', '201909', 'location véhicule', '2019-09-19', '214.00'),
(563, 'e22', '201910', 'frais vestimentaire/représentation', '2019-10-07', '123.00'),
(564, 'e22', '201910', 'Voyage SNCF', '2019-10-27', '92.00'),
(565, 'e22', '201910', 'repas avec praticien', '2019-10-15', '31.00'),
(566, 'e22', '201910', 'repas avec praticien', '2019-10-07', '30.00'),
(567, 'e22', '201910', 'achat de matériel de papèterie', '2019-10-09', '14.00'),
(568, 'e24', '201901', 'location véhicule', '2019-01-06', '385.00'),
(569, 'e24', '201902', 'frais vestimentaire/représentation', '2019-02-15', '113.00'),
(570, 'e24', '201902', 'traiteur, alimentation, boisson', '2019-02-17', '362.00'),
(571, 'e24', '201903', 'taxi', '2019-03-15', '53.00'),
(572, 'e24', '201903', 'location salle conférence', '2019-03-13', '373.00'),
(573, 'e24', '201903', 'location équipement vidéo/sonore', '2019-03-11', '724.00'),
(574, 'e24', '201903', 'traiteur, alimentation, boisson', '2019-03-07', '55.00'),
(575, 'e24', '201904', 'Voyage SNCF', '2019-04-21', '30.00'),
(576, 'e24', '201904', 'frais vestimentaire/représentation', '2019-04-04', '444.00'),
(577, 'e24', '201904', 'location véhicule', '2019-04-10', '365.00'),
(578, 'e24', '201905', 'location véhicule', '2019-05-04', '59.00'),
(579, 'e24', '201905', 'repas avec praticien', '2019-05-05', '46.00'),
(580, 'e24', '201906', 'location salle conférence', '2019-06-01', '120.00'),
(581, 'e24', '201906', 'repas avec praticien', '2019-06-24', '36.00'),
(582, 'e24', '201906', 'frais vestimentaire/représentation', '2019-06-26', '439.00'),
(583, 'e24', '201907', 'location équipement vidéo/sonore', '2019-07-19', '493.00'),
(584, 'e24', '201907', 'achat de matériel de papèterie', '2019-07-23', '33.00'),
(585, 'e24', '201907', 'frais vestimentaire/représentation', '2019-07-11', '110.00'),
(586, 'e24', '201907', 'taxi', '2019-07-13', '76.00'),
(587, 'e24', '201907', 'taxi', '2019-07-09', '79.00'),
(588, 'e24', '201907', 'repas avec praticien', '2019-07-20', '44.00'),
(589, 'e24', '201908', 'Voyage SNCF', '2019-08-06', '113.00'),
(590, 'e24', '201908', 'achat de matériel de papèterie', '2019-08-01', '26.00'),
(591, 'e24', '201908', 'taxi', '2019-08-14', '63.00'),
(592, 'e24', '201909', 'achat de matériel de papèterie', '2019-09-04', '49.00'),
(593, 'e24', '201909', 'location équipement vidéo/sonore', '2019-09-24', '803.00'),
(594, 'e24', '201909', 'achat de matériel de papèterie', '2019-09-25', '32.00'),
(595, 'e24', '201909', 'frais vestimentaire/représentation', '2019-09-28', '97.00'),
(596, 'e24', '201910', 'repas avec praticien', '2019-10-06', '38.00'),
(597, 'e24', '201910', 'location véhicule', '2019-10-01', '122.00'),
(598, 'e39', '201901', 'location véhicule', '2019-01-10', '261.00'),
(599, 'e39', '201902', 'frais vestimentaire/représentation', '2019-02-28', '284.00'),
(600, 'e39', '201902', 'rémunération intervenant/spécialiste', '2019-02-18', '402.00'),
(601, 'e39', '201902', 'taxi', '2019-02-22', '58.00'),
(602, 'e39', '201902', 'repas avec praticien', '2019-02-05', '37.00'),
(603, 'e39', '201902', 'taxi', '2019-02-26', '59.00'),
(604, 'e39', '201902', 'rémunération intervenant/spécialiste', '2019-02-16', '836.00'),
(605, 'e39', '201903', 'traiteur, alimentation, boisson', '2019-03-16', '135.00'),
(606, 'e39', '201903', 'taxi', '2019-03-03', '75.00'),
(607, 'e39', '201903', 'taxi', '2019-03-14', '55.00'),
(608, 'e39', '201904', 'repas avec praticien', '2019-04-04', '48.00'),
(609, 'e39', '201904', 'taxi', '2019-04-09', '50.00'),
(610, 'e39', '201904', 'rémunération intervenant/spécialiste', '2019-04-16', '944.00'),
(611, 'e39', '201904', 'achat de matériel de papèterie', '2019-04-25', '14.00'),
(612, 'e39', '201904', 'taxi', '2019-04-02', '65.00'),
(613, 'e39', '201904', 'Voyage SNCF', '2019-04-20', '47.00'),
(614, 'e39', '201905', 'repas avec praticien', '2019-05-09', '43.00'),
(615, 'e39', '201905', 'location véhicule', '2019-05-21', '353.00'),
(616, 'e39', '201906', 'achat de matériel de papèterie', '2019-06-25', '27.00'),
(617, 'e39', '201906', 'Voyage SNCF', '2019-06-05', '149.00'),
(618, 'e39', '201906', 'rémunération intervenant/spécialiste', '2019-06-01', '356.00'),
(619, 'e39', '201907', 'location salle conférence', '2019-07-05', '352.00'),
(620, 'e39', '201907', 'location salle conférence', '2019-07-16', '454.00'),
(621, 'e39', '201908', 'location véhicule', '2019-08-27', '90.00'),
(622, 'e39', '201908', 'location équipement vidéo/sonore', '2019-08-01', '421.00'),
(623, 'e39', '201909', 'rémunération intervenant/spécialiste', '2019-09-28', '709.00'),
(624, 'e39', '201909', 'achat de matériel de papèterie', '2019-09-25', '22.00'),
(625, 'e39', '201909', 'rémunération intervenant/spécialiste', '2019-09-19', '850.00'),
(626, 'e39', '201909', 'traiteur, alimentation, boisson', '2019-09-02', '433.00'),
(627, 'e39', '201910', 'Voyage SNCF', '2019-10-20', '111.00'),
(628, 'e49', '201901', 'location équipement vidéo/sonore', '2019-01-08', '174.00'),
(629, 'e49', '201901', 'repas avec praticien', '2019-01-08', '47.00'),
(630, 'e49', '201902', 'Voyage SNCF', '2019-02-18', '144.00'),
(631, 'e49', '201902', 'taxi', '2019-02-03', '38.00'),
(632, 'e49', '201902', 'rémunération intervenant/spécialiste', '2019-02-19', '706.00'),
(633, 'e49', '201902', 'achat de matériel de papèterie', '2019-02-14', '47.00'),
(634, 'e49', '201902', 'achat de matériel de papèterie', '2019-02-02', '48.00'),
(635, 'e49', '201902', 'traiteur, alimentation, boisson', '2019-02-28', '376.00'),
(636, 'e49', '201903', 'rémunération intervenant/spécialiste', '2019-03-27', '675.00'),
(637, 'e49', '201903', 'location équipement vidéo/sonore', '2019-03-14', '161.00'),
(638, 'e49', '201903', 'taxi', '2019-03-19', '59.00'),
(639, 'e49', '201903', 'location équipement vidéo/sonore', '2019-03-27', '272.00'),
(640, 'e49', '201903', 'rémunération intervenant/spécialiste', '2019-03-01', '1145.00'),
(641, 'e49', '201903', 'location salle conférence', '2019-03-26', '358.00'),
(642, 'e49', '201904', 'traiteur, alimentation, boisson', '2019-04-05', '102.00'),
(643, 'e49', '201905', 'achat de matériel de papèterie', '2019-05-26', '19.00'),
(644, 'e49', '201905', 'taxi', '2019-05-13', '45.00'),
(645, 'e49', '201906', 'frais vestimentaire/représentation', '2019-06-16', '299.00'),
(646, 'e49', '201907', 'taxi', '2019-07-20', '55.00'),
(647, 'e49', '201908', 'location équipement vidéo/sonore', '2019-08-25', '358.00'),
(648, 'e49', '201908', 'achat de matériel de papèterie', '2019-08-26', '11.00'),
(649, 'e49', '201908', 'frais vestimentaire/représentation', '2019-08-02', '221.00'),
(650, 'e49', '201908', 'rémunération intervenant/spécialiste', '2019-08-16', '761.00'),
(651, 'e49', '201908', 'rémunération intervenant/spécialiste', '2019-08-11', '774.00'),
(652, 'e49', '201909', 'repas avec praticien', '2019-09-08', '35.00'),
(653, 'e49', '201909', 'location salle conférence', '2019-09-22', '253.00'),
(654, 'e49', '201909', 'repas avec praticien', '2019-09-17', '49.00'),
(655, 'e49', '201909', 'Voyage SNCF', '2019-09-05', '125.00'),
(656, 'e49', '201909', 'rémunération intervenant/spécialiste', '2019-09-23', '812.00'),
(657, 'e49', '201909', 'location équipement vidéo/sonore', '2019-09-26', '290.00'),
(658, 'e49', '201910', 'Voyage SNCF', '2019-10-09', '135.00'),
(659, 'e49', '201910', 'location véhicule', '2019-10-14', '199.00'),
(660, 'e5', '201901', 'repas avec praticien', '2019-01-05', '33.00'),
(661, 'e5', '201902', 'location équipement vidéo/sonore', '2019-02-04', '776.00'),
(662, 'e5', '201902', 'taxi', '2019-02-02', '50.00'),
(663, 'e5', '201903', 'rémunération intervenant/spécialiste', '2019-03-03', '730.00'),
(664, 'e5', '201903', 'location équipement vidéo/sonore', '2019-03-27', '430.00'),
(665, 'e5', '201904', 'traiteur, alimentation, boisson', '2019-04-10', '71.00'),
(666, 'e5', '201904', 'traiteur, alimentation, boisson', '2019-04-17', '65.00'),
(667, 'e5', '201904', 'location salle conférence', '2019-04-08', '302.00'),
(668, 'e5', '201905', 'Voyage SNCF', '2019-05-16', '53.00'),
(669, 'e5', '201905', 'achat de matériel de papèterie', '2019-05-25', '24.00'),
(670, 'e5', '201906', 'Voyage SNCF', '2019-06-06', '112.00'),
(671, 'e5', '201907', 'Voyage SNCF', '2019-07-21', '80.00'),
(672, 'e5', '201907', 'taxi', '2019-07-19', '35.00'),
(673, 'e5', '201907', 'Voyage SNCF', '2019-07-12', '64.00'),
(674, 'e5', '201907', 'traiteur, alimentation, boisson', '2019-07-03', '152.00'),
(675, 'e5', '201908', 'traiteur, alimentation, boisson', '2019-08-12', '445.00'),
(676, 'e5', '201908', 'repas avec praticien', '2019-08-16', '37.00'),
(677, 'e5', '201908', 'achat de matériel de papèterie', '2019-08-19', '28.00'),
(678, 'e5', '201909', 'location salle conférence', '2019-09-16', '644.00'),
(679, 'e5', '201909', 'rémunération intervenant/spécialiste', '2019-09-25', '271.00'),
(680, 'e5', '201909', 'frais vestimentaire/représentation', '2019-09-14', '240.00');
INSERT INTO `lignefraishorsforfait` (`id`, `idVisiteur`, `mois`, `libelle`, `date`, `montant`) VALUES
(681, 'e5', '201910', 'traiteur, alimentation, boisson', '2019-10-12', '292.00'),
(682, 'e5', '201910', 'location véhicule', '2019-10-11', '145.00'),
(683, 'e5', '201910', 'rémunération intervenant/spécialiste', '2019-10-22', '706.00'),
(684, 'e52', '201901', 'traiteur, alimentation, boisson', '2019-01-24', '315.00'),
(685, 'e52', '201902', 'traiteur, alimentation, boisson', '2019-02-22', '442.00'),
(686, 'e52', '201902', 'frais vestimentaire/représentation', '2019-02-28', '41.00'),
(687, 'e52', '201902', 'achat de matériel de papèterie', '2019-02-12', '10.00'),
(688, 'e52', '201903', 'repas avec praticien', '2019-03-12', '41.00'),
(689, 'e52', '201903', 'repas avec praticien', '2019-03-24', '43.00'),
(690, 'e52', '201903', 'taxi', '2019-03-15', '35.00'),
(691, 'e52', '201903', 'achat de matériel de papèterie', '2019-03-19', '43.00'),
(692, 'e52', '201903', 'taxi', '2019-03-01', '67.00'),
(693, 'e52', '201904', 'location véhicule', '2019-04-23', '443.00'),
(694, 'e52', '201904', 'repas avec praticien', '2019-04-08', '37.00'),
(695, 'e52', '201904', 'location salle conférence', '2019-04-06', '564.00'),
(696, 'e52', '201905', 'Voyage SNCF', '2019-05-11', '54.00'),
(697, 'e52', '201905', 'repas avec praticien', '2019-05-16', '34.00'),
(698, 'e52', '201905', 'location salle conférence', '2019-05-20', '636.00'),
(699, 'e52', '201905', 'repas avec praticien', '2019-05-03', '32.00'),
(700, 'e52', '201905', 'rémunération intervenant/spécialiste', '2019-05-04', '410.00'),
(701, 'e52', '201906', 'traiteur, alimentation, boisson', '2019-06-19', '433.00'),
(702, 'e52', '201906', 'location équipement vidéo/sonore', '2019-06-15', '187.00'),
(703, 'e52', '201906', 'traiteur, alimentation, boisson', '2019-06-14', '69.00'),
(704, 'e52', '201906', 'location véhicule', '2019-06-14', '321.00'),
(705, 'e52', '201907', 'frais vestimentaire/représentation', '2019-07-02', '414.00'),
(706, 'e52', '201907', 'achat de matériel de papèterie', '2019-07-01', '41.00'),
(707, 'e52', '201908', 'repas avec praticien', '2019-08-04', '30.00'),
(708, 'e52', '201908', 'frais vestimentaire/représentation', '2019-08-07', '221.00'),
(709, 'e52', '201908', 'achat de matériel de papèterie', '2019-08-11', '50.00'),
(710, 'e52', '201908', 'frais vestimentaire/représentation', '2019-08-12', '303.00'),
(711, 'e52', '201908', 'location véhicule', '2019-08-09', '90.00'),
(712, 'e52', '201909', 'Voyage SNCF', '2019-09-04', '63.00'),
(713, 'e52', '201909', 'traiteur, alimentation, boisson', '2019-09-23', '41.00'),
(714, 'e52', '201909', 'rémunération intervenant/spécialiste', '2019-09-06', '471.00'),
(715, 'e52', '201909', 'frais vestimentaire/représentation', '2019-09-22', '399.00'),
(716, 'e52', '201909', 'location véhicule', '2019-09-26', '201.00'),
(717, 'e52', '201909', 'repas avec praticien', '2019-09-12', '35.00'),
(718, 'e52', '201910', 'location véhicule', '2019-10-26', '153.00'),
(719, 'e52', '201910', 'Voyage SNCF', '2019-10-15', '125.00'),
(720, 'e52', '201910', 'location véhicule', '2019-10-11', '52.00'),
(721, 'f21', '201901', 'taxi', '2019-01-18', '49.00'),
(722, 'f21', '201901', 'location véhicule', '2019-01-03', '211.00'),
(723, 'f21', '201901', 'taxi', '2019-01-11', '60.00'),
(724, 'f21', '201901', 'rémunération intervenant/spécialiste', '2019-01-22', '573.00'),
(725, 'f21', '201902', 'achat de matériel de papèterie', '2019-02-18', '27.00'),
(726, 'f21', '201902', 'traiteur, alimentation, boisson', '2019-02-27', '169.00'),
(727, 'f21', '201902', 'Voyage SNCF', '2019-02-20', '111.00'),
(728, 'f21', '201902', 'achat de matériel de papèterie', '2019-02-03', '12.00'),
(729, 'f21', '201903', 'Voyage SNCF', '2019-03-23', '94.00'),
(730, 'f21', '201903', 'Voyage SNCF', '2019-03-10', '63.00'),
(731, 'f21', '201903', 'taxi', '2019-03-15', '47.00'),
(732, 'f21', '201904', 'frais vestimentaire/représentation', '2019-04-17', '207.00'),
(733, 'f21', '201904', 'achat de matériel de papèterie', '2019-04-25', '43.00'),
(734, 'f21', '201904', 'location véhicule', '2019-04-20', '343.00'),
(735, 'f21', '201904', 'repas avec praticien', '2019-04-10', '39.00'),
(736, 'f21', '201905', 'repas avec praticien', '2019-05-01', '38.00'),
(737, 'f21', '201906', 'frais vestimentaire/représentation', '2019-06-20', '223.00'),
(738, 'f21', '201907', 'rémunération intervenant/spécialiste', '2019-07-25', '554.00'),
(739, 'f21', '201907', 'location salle conférence', '2019-07-27', '429.00'),
(740, 'f21', '201907', 'frais vestimentaire/représentation', '2019-07-21', '242.00'),
(741, 'f21', '201908', 'frais vestimentaire/représentation', '2019-08-02', '252.00'),
(742, 'f21', '201909', 'frais vestimentaire/représentation', '2019-09-18', '297.00'),
(743, 'f21', '201910', 'traiteur, alimentation, boisson', '2019-10-25', '100.00'),
(744, 'f21', '201910', 'achat de matériel de papèterie', '2019-10-15', '19.00'),
(745, 'f21', '201910', 'rémunération intervenant/spécialiste', '2019-10-06', '310.00'),
(746, 'f39', '201901', 'achat de matériel de papèterie', '2019-01-17', '13.00'),
(747, 'f39', '201901', 'Voyage SNCF', '2019-01-18', '68.00'),
(748, 'f39', '201901', 'repas avec praticien', '2019-01-05', '31.00'),
(749, 'f39', '201902', 'achat de matériel de papèterie', '2019-02-01', '12.00'),
(750, 'f39', '201903', 'location salle conférence', '2019-03-24', '369.00'),
(751, 'f39', '201903', 'location véhicule', '2019-03-05', '85.00'),
(752, 'f39', '201903', 'rémunération intervenant/spécialiste', '2019-03-05', '636.00'),
(753, 'f39', '201903', 'achat de matériel de papèterie', '2019-03-25', '36.00'),
(754, 'f39', '201903', 'location véhicule', '2019-03-20', '251.00'),
(755, 'f39', '201904', 'achat de matériel de papèterie', '2019-04-15', '11.00'),
(756, 'f39', '201905', 'repas avec praticien', '2019-05-11', '40.00'),
(757, 'f39', '201905', 'Voyage SNCF', '2019-05-25', '77.00'),
(758, 'f39', '201906', 'rémunération intervenant/spécialiste', '2019-06-24', '784.00'),
(759, 'f39', '201906', 'location véhicule', '2019-06-18', '413.00'),
(760, 'f39', '201906', 'location véhicule', '2019-06-03', '115.00'),
(761, 'f39', '201906', 'location véhicule', '2019-06-23', '140.00'),
(762, 'f39', '201907', 'frais vestimentaire/représentation', '2019-07-06', '76.00'),
(763, 'f39', '201907', 'taxi', '2019-07-02', '34.00'),
(764, 'f39', '201907', 'repas avec praticien', '2019-07-27', '43.00'),
(765, 'f39', '201907', 'Voyage SNCF', '2019-07-06', '95.00'),
(766, 'f39', '201907', 'location véhicule', '2019-07-09', '62.00'),
(767, 'f39', '201908', 'rémunération intervenant/spécialiste', '2019-08-22', '418.00'),
(768, 'f39', '201908', 'location salle conférence', '2019-08-07', '185.00'),
(769, 'f39', '201909', 'location équipement vidéo/sonore', '2019-09-07', '223.00'),
(770, 'f39', '201910', 'location véhicule', '2019-10-06', '160.00'),
(771, 'f39', '201910', 'Voyage SNCF', '2019-10-02', '130.00'),
(772, 'f39', '201910', 'achat de matériel de papèterie', '2019-10-16', '46.00'),
(773, 'f39', '201910', 'achat de matériel de papèterie', '2019-10-15', '30.00'),
(774, 'f4', '201901', 'Voyage SNCF', '2019-01-10', '143.00'),
(775, 'f4', '201902', 'location salle conférence', '2019-02-20', '404.00'),
(776, 'f4', '201902', 'repas avec praticien', '2019-02-08', '30.00'),
(777, 'f4', '201902', 'traiteur, alimentation, boisson', '2019-02-13', '258.00'),
(778, 'f4', '201903', 'repas avec praticien', '2019-03-11', '47.00'),
(779, 'f4', '201903', 'taxi', '2019-03-25', '63.00'),
(780, 'f4', '201903', 'repas avec praticien', '2019-03-18', '48.00'),
(781, 'f4', '201904', 'location véhicule', '2019-04-17', '197.00'),
(782, 'f4', '201904', 'taxi', '2019-04-10', '29.00'),
(783, 'f4', '201904', 'Voyage SNCF', '2019-04-16', '74.00'),
(784, 'f4', '201904', 'rémunération intervenant/spécialiste', '2019-04-03', '919.00'),
(785, 'f4', '201904', 'Voyage SNCF', '2019-04-22', '135.00'),
(786, 'f4', '201904', 'achat de matériel de papèterie', '2019-04-12', '47.00'),
(787, 'f4', '201905', 'location véhicule', '2019-05-25', '115.00'),
(788, 'f4', '201906', 'taxi', '2019-06-07', '61.00'),
(789, 'f4', '201906', 'frais vestimentaire/représentation', '2019-06-04', '349.00'),
(790, 'f4', '201906', 'rémunération intervenant/spécialiste', '2019-06-26', '530.00'),
(791, 'f4', '201906', 'frais vestimentaire/représentation', '2019-06-05', '393.00'),
(792, 'f4', '201906', 'Voyage SNCF', '2019-06-08', '150.00'),
(793, 'f4', '201907', 'taxi', '2019-07-01', '34.00'),
(794, 'f4', '201907', 'rémunération intervenant/spécialiste', '2019-07-25', '863.00'),
(795, 'f4', '201907', 'location équipement vidéo/sonore', '2019-07-25', '605.00'),
(796, 'f4', '201907', 'taxi', '2019-07-17', '26.00'),
(797, 'f4', '201908', 'frais vestimentaire/représentation', '2019-08-09', '126.00'),
(798, 'f4', '201908', 'rémunération intervenant/spécialiste', '2019-08-25', '796.00'),
(799, 'f4', '201908', 'Voyage SNCF', '2019-08-21', '136.00'),
(800, 'f4', '201908', 'rémunération intervenant/spécialiste', '2019-08-16', '848.00'),
(801, 'f4', '201908', 'rémunération intervenant/spécialiste', '2019-08-19', '274.00'),
(802, 'f4', '201908', 'Voyage SNCF', '2019-08-09', '42.00'),
(803, 'f4', '201909', 'taxi', '2019-09-18', '78.00'),
(804, 'f4', '201909', 'achat de matériel de papèterie', '2019-09-09', '35.00'),
(805, 'f4', '201909', 'frais vestimentaire/représentation', '2019-09-20', '450.00'),
(806, 'f4', '201910', 'frais vestimentaire/représentation', '2019-10-28', '295.00'),
(807, 'f4', '201910', 'frais vestimentaire/représentation', '2019-10-19', '95.00'),
(808, 'f4', '201910', 'rémunération intervenant/spécialiste', '2019-10-04', '942.00'),
(809, 'f4', '201910', 'location salle conférence', '2019-10-03', '592.00'),
(810, 'f4', '201910', 'location salle conférence', '2019-10-10', '589.00');

-- --------------------------------------------------------

--
-- Structure de la table `visiteur`
--

DROP TABLE IF EXISTS `visiteur`;
CREATE TABLE IF NOT EXISTS `visiteur` (
  `id` char(4) NOT NULL,
  `nom` char(30) DEFAULT NULL,
  `prenom` char(30) DEFAULT NULL,
  `login` char(20) DEFAULT NULL,
  `mdp` char(20) DEFAULT NULL,
  `adresse` char(30) DEFAULT NULL,
  `cp` char(5) DEFAULT NULL,
  `ville` char(30) DEFAULT NULL,
  `dateEmbauche` date DEFAULT NULL,
  `dateDepart` datetime DEFAULT NULL,
  `actif` char(1) NOT NULL DEFAULT 'O',
  PRIMARY KEY (`id`)
) ENGINE=InnoDB DEFAULT CHARSET=latin1;

--
-- Déchargement des données de la table `visiteur`
--

INSERT INTO `visiteur` (`id`, `nom`, `prenom`, `login`, `mdp`, `adresse`, `cp`, `ville`, `dateEmbauche`, `dateDepart`, `actif`) VALUES
('a131', 'Villechalane', 'Louis', 'lvillachane', '1234', '8 rue des Charmes', '46000', 'Cahors', '2005-12-21', NULL, 'O'),
('a17', 'Andre', 'David', 'dandre', '1234', '1 rue Petit', '46200', 'Lalbenque', '1998-11-23', NULL, 'O'),
('a55', 'Bedos', 'Christian', 'cbedos', '1234', '1 rue Peranud', '46250', 'Montcuq', '1995-01-12', NULL, 'O'),
('a93', 'Tusseau', 'Louis', 'ltusseau', '1234', '22 rue des Ternes', '46123', 'Gramat', '2000-05-01', NULL, 'N'),
('b13', 'Bentot', 'Pascal', 'pbentot', '1234', '11 allée des Cerises', '46512', 'Bessines', '1992-07-09', NULL, 'O'),
('b16', 'Bioret', 'Luc', 'lbioret', '1234', '1 Avenue gambetta', '46000', 'Cahors', '1998-05-11', NULL, 'O'),
('b19', 'Bunisset', 'Francis', 'fbunisset', '1234', '10 rue des Perles', '93100', 'Montreuil', '1987-10-21', '2013-09-01 00:00:00', 'O'),
('b25', 'Bunisset', 'Denise', 'dbunisset', '1234', '23 rue Manin', '75019', 'paris', '2010-12-05', NULL, 'O'),
('b28', 'Cacheux', 'Bernard', 'bcacheux', '1234', '114 rue Blanche', '75017', 'Paris', '2009-11-12', NULL, 'O'),
('b34', 'Cadic', 'Eric', 'ecadic', '1234', '123 avenue de la République', '75011', 'Paris', '2008-09-23', NULL, 'O'),
('b4', 'Charoze', 'Catherine', 'ccharoze', '1234', '100 rue Petit', '75019', 'Paris', '2005-11-12', NULL, 'O'),
('b50', 'Clepkens', 'Christophe', 'cclepkens', '1234', '12 allée des Anges', '93230', 'Romainville', '2003-08-11', NULL, 'O'),
('b59', 'Cottin', 'Vincenne', 'vcottin', '1234', '36 rue Des Roches', '93100', 'Monteuil', '2001-11-18', NULL, 'O'),
('c14', 'Daburon', 'François', 'fdaburon', '1234', '13 rue de Chanzy', '94000', 'Créteil', '2002-02-11', '2013-09-01 00:00:00', 'O'),
('c3', 'De', 'Philippe', 'pde', 'gk9kx', '13 rue Barthes', '94000', 'Créteil', '2010-12-14', NULL, 'O'),
('c54', 'Debelle', 'John', 'jdebelle', '1234', '181 avenue Barbusse', '93210', 'Rosny', '2006-11-23', NULL, 'O'),
('d13', 'Debelle', 'Jeanne', 'jdebelle', '1234', '134 allée des Joncs', '44000', 'Nantes', '2000-05-11', NULL, 'N'),
('d51', 'Debroise', 'Michel', 'mdebroise', '1234', '2 Bld Jourdain', '44000', 'Nantes', '2001-04-17', NULL, 'O'),
('e22', 'Desmarquest', 'Nathalie', 'ndesmarquest', '1234', '14 Place d Arc', '45000', 'Orléans', '2005-11-12', NULL, 'O'),
('e24', 'Desnost', 'Pierre', 'pdesnost', '1234', '16 avenue des Cèdres', '23200', 'Guéret', '2001-02-05', NULL, 'O'),
('e39', 'Dudouit', 'Frédéric', 'fdudouit', '1234', '18 rue de l église', '23120', 'GrandBourg', '2000-08-01', NULL, 'O'),
('e49', 'Duncombe', 'Claude', 'cduncombe', '1234', '19 rue de la tour', '23100', 'La souteraine', '1987-10-10', NULL, 'O'),
('e5', 'Enault-Pascreau', 'Céline', 'cenault', '1234', '25 place de la gare', '23200', 'Gueret', '1995-09-01', NULL, 'O'),
('e52', 'Eynde', 'Valérie', 'veynde', '1234', '3 Grand Place', '13015', 'Marseille', '1999-11-01', NULL, 'O'),
('f21', 'Finck', 'Jacques', 'jfinck', '1234', '10 avenue du Prado', '13002', 'Marseille', '2001-11-10', NULL, 'O'),
('f39', 'Frémont', 'Fernande', 'ffremont', '1234', '4 route de la mer', '13012', 'Allauh', '1998-10-01', NULL, 'O'),
('f4', 'Gest', 'Alain', 'agest', '1234', '30 avenue de la mer', '13025', 'Berre', '1985-11-01', NULL, 'O');

--
-- Contraintes pour les tables déchargées
--

--
-- Contraintes pour la table `fichefrais`
--
ALTER TABLE `fichefrais`
  ADD CONSTRAINT `fichefrais_ibfk_1` FOREIGN KEY (`idEtat`) REFERENCES `etat` (`id`),
  ADD CONSTRAINT `fichefrais_ibfk_2` FOREIGN KEY (`idVisiteur`) REFERENCES `visiteur` (`id`);

--
-- Contraintes pour la table `lignefraisforfait`
--
ALTER TABLE `lignefraisforfait`
  ADD CONSTRAINT `lignefraisforfait_ibfk_1` FOREIGN KEY (`idVisiteur`,`mois`) REFERENCES `fichefrais` (`idVisiteur`, `mois`),
  ADD CONSTRAINT `lignefraisforfait_ibfk_2` FOREIGN KEY (`idFraisForfait`) REFERENCES `fraisforfait` (`id`);

--
-- Contraintes pour la table `lignefraishorsforfait`
--
ALTER TABLE `lignefraishorsforfait`
  ADD CONSTRAINT `lignefraishorsforfait_ibfk_1` FOREIGN KEY (`idVisiteur`,`mois`) REFERENCES `fichefrais` (`idVisiteur`, `mois`);
COMMIT;

/*!40101 SET CHARACTER_SET_CLIENT=@OLD_CHARACTER_SET_CLIENT */;
/*!40101 SET CHARACTER_SET_RESULTS=@OLD_CHARACTER_SET_RESULTS */;
/*!40101 SET COLLATION_CONNECTION=@OLD_COLLATION_CONNECTION */;
