-- phpMyAdmin SQL Dump
-- version 4.8.5
-- https://www.phpmyadmin.net/
--
-- Hôte : 127.0.0.1:3306
-- Généré le :  mer. 20 nov. 2019 à 13:08
-- Version du serveur :  5.7.26
-- Version de PHP :  7.2.18

SET SQL_MODE = "NO_AUTO_VALUE_ON_ZERO";
SET AUTOCOMMIT = 0;
START TRANSACTION;
SET time_zone = "+00:00";


/*!40101 SET @OLD_CHARACTER_SET_CLIENT=@@CHARACTER_SET_CLIENT */;
/*!40101 SET @OLD_CHARACTER_SET_RESULTS=@@CHARACTER_SET_RESULTS */;
/*!40101 SET @OLD_COLLATION_CONNECTION=@@COLLATION_CONNECTION */;
/*!40101 SET NAMES utf8mb4 */;

--
-- Base de données :  `gsbfrais`
--

-- --------------------------------------------------------

--
-- Structure de la table `etat`
--

DROP TABLE IF EXISTS `etat`;
CREATE TABLE IF NOT EXISTS `etat` (
  `id` char(2) NOT NULL,
  `libelle` varchar(30) DEFAULT NULL,
  PRIMARY KEY (`id`)
) ENGINE=InnoDB DEFAULT CHARSET=latin1;

--
-- Déchargement des données de la table `etat`
--

INSERT INTO `etat` (`id`, `libelle`) VALUES
('CL', 'Saisie cl?tur'),
('CR', 'Fiche cr??e, saisie en cours'),
('RB', 'Rembours'),
('VA', 'Valid?e et mise en paiement');

-- --------------------------------------------------------

--
-- Structure de la table `fichefrais`
--

DROP TABLE IF EXISTS `fichefrais`;
CREATE TABLE IF NOT EXISTS `fichefrais` (
  `idVisiteur` char(4) NOT NULL,
  `mois` char(6) NOT NULL,
  `nbJustificatifs` int(11) DEFAULT NULL,
  `montantValide` decimal(10,2) DEFAULT NULL,
  `dateModif` date DEFAULT NULL,
  `idEtat` char(2) DEFAULT 'CR',
  PRIMARY KEY (`idVisiteur`,`mois`),
  KEY `idEtat` (`idEtat`)
) ENGINE=InnoDB DEFAULT CHARSET=latin1;

--
-- Déchargement des données de la table `fichefrais`
--

INSERT INTO `fichefrais` (`idVisiteur`, `mois`, `nbJustificatifs`, `montantValide`, `dateModif`, `idEtat`) VALUES
('a131', '201901', 3, '1014.70', '2019-03-07', 'RB'),
('a131', '201902', 12, '954.69', '2019-04-06', 'RB'),
('a131', '201903', 0, '620.44', '2019-05-03', 'RB'),
('a131', '201904', 1, '1061.69', '2019-06-05', 'RB'),
('a131', '201905', 6, '584.66', '2019-07-04', 'RB'),
('a131', '201906', 8, '2248.96', '2019-08-06', 'RB'),
('a131', '201907', 9, '1121.17', '2019-09-08', 'RB'),
('a131', '201908', 10, '1309.17', '2019-10-03', 'RB'),
('a131', '201909', 9, '322.19', '2019-10-08', 'VA'),
('a131', '201910', 2, '0.00', '2019-10-06', 'CR'),
('a17', '201901', 0, '1692.45', '2019-03-07', 'RB'),
('a17', '201902', 2, '1853.89', '2019-04-05', 'RB'),
('a17', '201903', 8, '988.40', '2019-05-06', 'RB'),
('a17', '201904', 1, '258.52', '2019-06-08', 'RB'),
('a17', '201905', 12, '1521.14', '2019-07-08', 'RB'),
('a17', '201906', 1, '781.00', '2019-08-06', 'RB'),
('a17', '201907', 5, '756.55', '2019-09-08', 'RB'),
('a17', '201908', 12, '714.10', '2019-10-06', 'RB'),
('a17', '201909', 7, '806.05', '2019-10-02', 'VA'),
('a17', '201910', 4, '0.00', '2019-11-12', 'CL'),
('a17', '201911', 0, '0.00', '2019-11-12', 'CR'),
('a55', '201901', 12, '1132.97', '2019-03-06', 'RB'),
('a55', '201902', 12, '1629.17', '2019-04-02', 'RB'),
('a55', '201903', 10, '1640.04', '2019-05-08', 'RB'),
('a55', '201904', 1, '1961.72', '2019-06-04', 'RB'),
('a55', '201905', 5, '290.87', '2019-07-02', 'RB'),
('a55', '201906', 6, '419.26', '2019-08-03', 'RB'),
('a55', '201907', 3, '505.05', '2019-09-04', 'RB'),
('a55', '201908', 5, '958.15', '2019-10-05', 'RB'),
('a55', '201909', 9, '437.98', '2019-10-06', 'VA'),
('a55', '201910', 8, '0.00', '2019-11-07', 'CL'),
('a55', '201911', 0, '0.00', '2019-11-07', 'CR'),
('a93', '201901', 1, '529.63', '2019-03-06', 'RB'),
('a93', '201902', 1, '1220.53', '2019-04-01', 'RB'),
('a93', '201903', 7, '1179.37', '2019-05-07', 'RB'),
('a93', '201904', 2, '1266.22', '2019-06-01', 'RB'),
('a93', '201905', 2, '2025.88', '2019-07-01', 'RB'),
('a93', '201906', 1, '1032.44', '2019-08-02', 'RB'),
('a93', '201907', 8, '1249.42', '2019-09-04', 'RB'),
('a93', '201908', 9, '362.59', '2019-10-08', 'RB'),
('a93', '201909', 4, '1274.50', '2019-10-04', 'VA'),
('a93', '201910', 9, '0.00', '2019-10-03', 'CR'),
('b13', '201901', 4, '1021.80', '2019-03-06', 'RB'),
('b13', '201902', 1, '379.33', '2019-04-04', 'RB'),
('b13', '201903', 1, '525.24', '2019-05-01', 'RB'),
('b13', '201904', 3, '584.69', '2019-06-02', 'RB'),
('b13', '201905', 11, '681.53', '2019-07-01', 'RB'),
('b13', '201906', 8, '1142.90', '2019-08-07', 'RB'),
('b13', '201907', 6, '1214.86', '2019-09-06', 'RB'),
('b13', '201908', 4, '1451.40', '2019-10-04', 'RB'),
('b13', '201909', 7, '1331.06', '2019-10-06', 'VA'),
('b13', '201910', 6, '0.00', '2019-10-07', 'CR'),
('b16', '201901', 1, '1718.02', '2019-03-03', 'RB'),
('b16', '201902', 2, '1228.37', '2019-04-04', 'RB'),
('b16', '201903', 11, '586.77', '2019-05-05', 'RB'),
('b16', '201904', 11, '1574.16', '2019-06-06', 'RB'),
('b16', '201905', 11, '1422.71', '2019-07-08', 'RB'),
('b16', '201906', 12, '2954.40', '2019-08-01', 'RB'),
('b16', '201907', 6, '1159.46', '2019-09-06', 'RB'),
('b16', '201908', 7, '2076.86', '2019-10-07', 'RB'),
('b16', '201909', 4, '1041.78', '2019-10-02', 'VA'),
('b16', '201910', 9, '0.00', '2019-10-08', 'CR'),
('b19', '201901', 10, '1552.54', '2019-03-06', 'RB'),
('b19', '201902', 0, '411.86', '2019-04-02', 'RB'),
('b19', '201903', 9, '246.28', '2019-05-06', 'RB'),
('b19', '201904', 3, '907.78', '2019-06-01', 'RB'),
('b19', '201905', 11, '1268.69', '2019-07-02', 'RB'),
('b19', '201906', 4, '1049.61', '2019-08-07', 'RB'),
('b19', '201907', 9, '1653.47', '2019-09-03', 'RB'),
('b19', '201908', 0, '1913.98', '2019-10-03', 'RB'),
('b19', '201909', 4, '755.08', '2019-10-05', 'VA'),
('b19', '201910', 12, '0.00', '2019-10-05', 'CR'),
('b25', '201901', 12, '1164.76', '2019-03-06', 'RB'),
('b25', '201902', 11, '1349.02', '2019-04-03', 'RB'),
('b25', '201903', 1, '1771.05', '2019-05-01', 'RB'),
('b25', '201904', 1, '1662.26', '2019-06-05', 'RB'),
('b25', '201905', 6, '1790.25', '2019-07-03', 'RB'),
('b25', '201906', 8, '560.76', '2019-08-04', 'RB'),
('b25', '201907', 5, '785.37', '2019-09-03', 'RB'),
('b25', '201908', 8, '1284.77', '2019-10-07', 'RB'),
('b25', '201909', 11, '405.89', '2019-10-03', 'VA'),
('b25', '201910', 5, '0.00', '2019-10-07', 'CR'),
('b28', '201901', 0, '1363.37', '2019-03-03', 'RB'),
('b28', '201902', 11, '654.93', '2019-04-08', 'RB'),
('b28', '201903', 7, '2039.07', '2019-05-03', 'RB'),
('b28', '201904', 7, '1235.24', '2019-06-02', 'RB'),
('b28', '201905', 5, '1458.78', '2019-07-04', 'RB'),
('b28', '201906', 7, '1014.17', '2019-08-02', 'RB'),
('b28', '201907', 3, '1183.29', '2019-09-03', 'RB'),
('b28', '201908', 9, '1089.17', '2019-10-02', 'RB'),
('b28', '201909', 4, '589.66', '2019-10-01', 'VA'),
('b28', '201910', 3, '0.00', '2019-10-05', 'CR'),
('b34', '201901', 0, '976.40', '2019-03-01', 'RB'),
('b34', '201902', 4, '898.58', '2019-04-01', 'RB'),
('b34', '201903', 0, '349.01', '2019-05-02', 'RB'),
('b34', '201904', 12, '1382.97', '2019-06-06', 'RB'),
('b34', '201905', 6, '1399.34', '2019-07-06', 'RB'),
('b34', '201906', 9, '590.74', '2019-08-05', 'RB'),
('b34', '201907', 11, '1350.83', '2019-09-04', 'RB'),
('b34', '201908', 0, '1046.25', '2019-10-05', 'RB'),
('b34', '201909', 5, '503.13', '2019-10-06', 'VA'),
('b34', '201910', 10, '0.00', '2019-10-07', 'CR'),
('b4', '201901', 1, '1602.15', '2019-03-04', 'RB'),
('b4', '201902', 8, '892.93', '2019-04-01', 'RB'),
('b4', '201903', 6, '1089.98', '2019-05-05', 'RB'),
('b4', '201904', 5, '1137.36', '2019-06-07', 'RB'),
('b4', '201905', 3, '1226.95', '2019-07-03', 'RB'),
('b4', '201906', 2, '572.37', '2019-08-04', 'RB'),
('b4', '201907', 9, '896.77', '2019-09-05', 'RB'),
('b4', '201908', 7, '2948.87', '2019-10-01', 'RB'),
('b4', '201909', 9, '1265.06', '2019-10-03', 'VA'),
('b4', '201910', 4, '0.00', '2019-10-05', 'CR'),
('b50', '201901', 9, '349.20', '2019-03-01', 'RB'),
('b50', '201902', 6, '526.85', '2019-04-06', 'RB'),
('b50', '201903', 7, '873.04', '2019-05-06', 'RB'),
('b50', '201904', 11, '541.94', '2019-06-06', 'RB'),
('b50', '201905', 1, '1596.28', '2019-07-05', 'RB'),
('b50', '201906', 0, '683.77', '2019-08-01', 'RB'),
('b50', '201907', 5, '630.67', '2019-09-08', 'RB'),
('b50', '201908', 7, '1452.81', '2019-10-04', 'RB'),
('b50', '201909', 0, '1115.41', '2019-10-01', 'VA'),
('b50', '201910', 9, '0.00', '2019-10-02', 'CR'),
('b59', '201901', 12, '443.73', '2019-03-04', 'RB'),
('b59', '201902', 11, '1011.25', '2019-04-02', 'RB'),
('b59', '201903', 7, '1183.47', '2019-05-04', 'RB'),
('b59', '201904', 6, '1880.69', '2019-06-04', 'RB'),
('b59', '201905', 0, '606.32', '2019-07-08', 'RB'),
('b59', '201906', 11, '452.28', '2019-08-05', 'RB'),
('b59', '201907', 9, '569.72', '2019-09-07', 'RB'),
('b59', '201908', 0, '836.32', '2019-10-08', 'RB'),
('b59', '201909', 10, '973.54', '2019-10-01', 'VA'),
('b59', '201910', 12, '0.00', '2019-10-04', 'CR'),
('c14', '201901', 1, '1056.54', '2019-03-02', 'RB'),
('c14', '201902', 12, '360.43', '2019-04-04', 'RB'),
('c14', '201903', 5, '861.68', '2019-05-07', 'RB'),
('c14', '201904', 7, '783.82', '2019-06-06', 'RB'),
('c14', '201905', 11, '392.65', '2019-07-03', 'RB'),
('c14', '201906', 7, '473.62', '2019-08-08', 'RB'),
('c14', '201907', 6, '2007.28', '2019-09-07', 'RB'),
('c14', '201908', 0, '1587.36', '2019-10-05', 'RB'),
('c14', '201909', 3, '1692.30', '2019-10-06', 'VA'),
('c14', '201910', 2, '0.00', '2019-10-07', 'CR'),
('c3', '201901', 3, '1580.94', '2019-03-08', 'RB'),
('c3', '201902', 3, '1446.01', '2019-04-08', 'RB'),
('c3', '201903', 11, '732.63', '2019-05-02', 'RB'),
('c3', '201904', 1, '1236.40', '2019-06-05', 'RB'),
('c3', '201905', 11, '476.20', '2019-07-07', 'RB'),
('c3', '201906', 6, '489.80', '2019-08-06', 'RB'),
('c3', '201907', 9, '355.35', '2019-09-03', 'RB'),
('c3', '201908', 6, '474.64', '2019-10-02', 'RB'),
('c3', '201909', 6, '392.48', '2019-10-07', 'VA'),
('c3', '201910', 2, '0.00', '2019-10-05', 'CR'),
('c54', '201901', 1, '2157.47', '2019-03-05', 'RB'),
('c54', '201902', 12, '294.75', '2019-04-07', 'RB'),
('c54', '201903', 5, '460.43', '2019-05-02', 'RB'),
('c54', '201904', 5, '2042.97', '2019-06-02', 'RB'),
('c54', '201905', 1, '730.00', '2019-07-05', 'RB'),
('c54', '201906', 7, '607.35', '2019-08-01', 'RB'),
('c54', '201907', 10, '1480.23', '2019-09-05', 'RB'),
('c54', '201908', 0, '1456.98', '2019-10-02', 'RB'),
('c54', '201909', 6, '418.00', '2019-10-06', 'VA'),
('c54', '201910', 9, '0.00', '2019-10-01', 'CR'),
('d13', '201901', 5, '338.32', '2019-03-03', 'RB'),
('d13', '201902', 2, '1086.38', '2019-04-02', 'RB'),
('d13', '201903', 8, '832.43', '2019-05-05', 'RB'),
('d13', '201904', 5, '1230.35', '2019-06-04', 'RB'),
('d13', '201905', 10, '987.05', '2019-07-03', 'RB'),
('d13', '201906', 0, '588.48', '2019-08-02', 'RB'),
('d13', '201907', 12, '657.24', '2019-09-03', 'RB'),
('d13', '201908', 3, '549.43', '2019-10-06', 'RB'),
('d13', '201909', 11, '1059.08', '2019-10-08', 'VA'),
('d13', '201910', 5, '0.00', '2019-10-01', 'CR'),
('d51', '201901', 0, '634.43', '2019-03-05', 'RB'),
('d51', '201902', 6, '368.82', '2019-04-03', 'RB'),
('d51', '201903', 5, '601.11', '2019-05-02', 'RB'),
('d51', '201904', 8, '414.74', '2019-06-01', 'RB'),
('d51', '201905', 11, '310.66', '2019-07-04', 'RB'),
('d51', '201906', 1, '1076.74', '2019-08-03', 'RB'),
('d51', '201907', 12, '1793.46', '2019-09-02', 'RB'),
('d51', '201908', 11, '1627.03', '2019-10-08', 'RB'),
('d51', '201909', 8, '1103.54', '2019-10-06', 'VA'),
('d51', '201910', 3, '0.00', '2019-10-04', 'CR'),
('e22', '201901', 8, '349.90', '2019-03-06', 'RB'),
('e22', '201902', 9, '1206.50', '2019-04-05', 'RB'),
('e22', '201903', 12, '386.47', '2019-05-08', 'RB'),
('e22', '201904', 0, '1428.51', '2019-06-08', 'RB'),
('e22', '201905', 1, '574.28', '2019-07-02', 'RB'),
('e22', '201906', 0, '1935.26', '2019-08-07', 'RB'),
('e22', '201907', 8, '575.13', '2019-09-06', 'RB'),
('e22', '201908', 4, '1430.91', '2019-10-06', 'RB'),
('e22', '201909', 1, '758.83', '2019-10-07', 'VA'),
('e22', '201910', 6, '0.00', '2019-10-06', 'CR'),
('e24', '201901', 9, '725.80', '2019-03-06', 'RB'),
('e24', '201902', 9, '1099.01', '2019-04-07', 'RB'),
('e24', '201903', 12, '734.40', '2019-05-03', 'RB'),
('e24', '201904', 7, '618.75', '2019-06-01', 'RB'),
('e24', '201905', 4, '824.98', '2019-07-07', 'RB'),
('e24', '201906', 12, '479.76', '2019-08-01', 'RB'),
('e24', '201907', 12, '1474.86', '2019-09-04', 'RB'),
('e24', '201908', 9, '1742.93', '2019-10-02', 'RB'),
('e24', '201909', 8, '939.95', '2019-10-01', 'VA'),
('e24', '201910', 1, '0.00', '2019-10-04', 'CR'),
('e39', '201901', 5, '1451.09', '2019-03-05', 'RB'),
('e39', '201902', 3, '684.90', '2019-04-06', 'RB'),
('e39', '201903', 9, '394.53', '2019-05-08', 'RB'),
('e39', '201904', 3, '1854.74', '2019-06-06', 'RB'),
('e39', '201905', 9, '686.36', '2019-07-01', 'RB'),
('e39', '201906', 8, '429.07', '2019-08-08', 'RB'),
('e39', '201907', 12, '1038.66', '2019-09-05', 'RB'),
('e39', '201908', 0, '758.83', '2019-10-08', 'RB'),
('e39', '201909', 4, '1425.00', '2019-10-03', 'VA'),
('e39', '201910', 2, '0.00', '2019-10-04', 'CR'),
('e49', '201901', 3, '1445.40', '2019-03-08', 'RB'),
('e49', '201902', 9, '676.82', '2019-04-07', 'RB'),
('e49', '201903', 4, '2179.14', '2019-05-08', 'RB'),
('e49', '201904', 10, '504.55', '2019-06-02', 'RB'),
('e49', '201905', 8, '1336.20', '2019-07-05', 'RB'),
('e49', '201906', 0, '595.99', '2019-08-03', 'RB'),
('e49', '201907', 2, '1002.40', '2019-09-06', 'RB'),
('e49', '201908', 8, '1785.04', '2019-10-06', 'RB'),
('e49', '201909', 5, '755.59', '2019-10-03', 'VA'),
('e49', '201910', 11, '0.00', '2019-10-03', 'CR'),
('e5', '201901', 1, '229.30', '2019-03-03', 'RB'),
('e5', '201902', 3, '1532.30', '2019-04-07', 'RB'),
('e5', '201903', 7, '1880.41', '2019-05-04', 'RB'),
('e5', '201904', 4, '1101.53', '2019-06-08', 'RB'),
('e5', '201905', 0, '989.26', '2019-07-07', 'RB'),
('e5', '201906', 11, '1099.19', '2019-08-04', 'RB'),
('e5', '201907', 9, '903.58', '2019-09-05', 'RB'),
('e5', '201908', 11, '1726.88', '2019-10-01', 'RB'),
('e5', '201909', 1, '1094.05', '2019-10-01', 'VA'),
('e5', '201910', 10, '0.00', '2019-10-07', 'CR'),
('e52', '201901', 7, '419.84', '2019-03-03', 'RB'),
('e52', '201902', 11, '961.06', '2019-04-03', 'RB'),
('e52', '201903', 0, '1890.90', '2019-05-01', 'RB'),
('e52', '201904', 8, '926.86', '2019-06-02', 'RB'),
('e52', '201905', 0, '1392.07', '2019-07-04', 'RB'),
('e52', '201906', 4, '1575.20', '2019-08-05', 'RB'),
('e52', '201907', 7, '2840.12', '2019-09-02', 'RB'),
('e52', '201908', 3, '1806.38', '2019-10-06', 'RB'),
('e52', '201909', 5, '627.15', '2019-10-07', 'VA'),
('e52', '201910', 1, '0.00', '2019-10-08', 'CR'),
('f21', '201901', 1, '559.45', '2019-03-01', 'RB'),
('f21', '201902', 8, '1549.12', '2019-04-04', 'RB'),
('f21', '201903', 4, '851.78', '2019-05-01', 'RB'),
('f21', '201904', 11, '1090.86', '2019-06-08', 'RB'),
('f21', '201905', 8, '807.47', '2019-07-01', 'RB'),
('f21', '201906', 5, '1343.71', '2019-08-03', 'RB'),
('f21', '201907', 11, '891.25', '2019-09-05', 'RB'),
('f21', '201908', 8, '509.64', '2019-10-07', 'RB'),
('f21', '201909', 10, '632.35', '2019-10-03', 'VA'),
('f21', '201910', 7, '0.00', '2019-10-06', 'CR'),
('f39', '201901', 4, '1331.59', '2019-03-08', 'RB'),
('f39', '201902', 8, '1586.97', '2019-04-06', 'RB'),
('f39', '201903', 4, '299.71', '2019-05-04', 'RB'),
('f39', '201904', 2, '1019.79', '2019-06-01', 'RB'),
('f39', '201905', 1, '1025.82', '2019-07-06', 'RB'),
('f39', '201906', 9, '1326.65', '2019-08-03', 'RB'),
('f39', '201907', 10, '360.79', '2019-09-04', 'RB'),
('f39', '201908', 11, '532.11', '2019-10-03', 'RB'),
('f39', '201909', 0, '1430.92', '2019-10-03', 'VA'),
('f39', '201910', 5, '0.00', '2019-10-07', 'CR'),
('f4', '201901', 5, '483.23', '2019-03-07', 'RB'),
('f4', '201902', 2, '467.33', '2019-04-03', 'RB'),
('f4', '201903', 3, '2061.04', '2019-05-07', 'RB'),
('f4', '201904', 4, '1231.26', '2019-06-03', 'RB'),
('f4', '201905', 4, '525.90', '2019-07-05', 'RB'),
('f4', '201906', 12, '714.55', '2019-08-06', 'RB'),
('f4', '201907', 4, '521.64', '2019-09-03', 'RB'),
('f4', '201908', 9, '2251.64', '2019-10-03', 'RB'),
('f4', '201909', 0, '1773.44', '2019-10-05', 'VA'),
('f4', '201910', 4, '0.00', '2019-10-06', 'CR');

-- --------------------------------------------------------

--
-- Structure de la table `fraisforfait`
--

DROP TABLE IF EXISTS `fraisforfait`;
CREATE TABLE IF NOT EXISTS `fraisforfait` (
  `id` char(3) NOT NULL,
  `libelle` char(20) DEFAULT NULL,
  `montant` decimal(5,2) DEFAULT NULL,
  PRIMARY KEY (`id`)
) ENGINE=InnoDB DEFAULT CHARSET=latin1;

--
-- Déchargement des données de la table `fraisforfait`
--

INSERT INTO `fraisforfait` (`id`, `libelle`, `montant`) VALUES
('ETP', 'Forfait Etape', '110.00'),
('KM', 'Frais kilom?trique', '0.62'),
('NUI', 'Nuit?e H?tel', '80.00'),
('REP', 'Repas Restaurant', '25.00');

-- --------------------------------------------------------

--
-- Structure de la table `fraishorsforfait`
--

DROP TABLE IF EXISTS `fraishorsforfait`;
CREATE TABLE IF NOT EXISTS `fraishorsforfait` (
  `id` int(11) NOT NULL AUTO_INCREMENT,
  `libelle` varchar(100) NOT NULL,
  PRIMARY KEY (`id`)
) ENGINE=InnoDB AUTO_INCREMENT=16 DEFAULT CHARSET=latin1;

--
-- Déchargement des données de la table `fraishorsforfait`
--

INSERT INTO `fraishorsforfait` (`id`, `libelle`) VALUES
(1, 'location véhicule'),
(2, 'location salle conférence'),
(3, 'achat de matériel de papèterie'),
(4, 'frais vestimentaire/représentation'),
(5, 'repas avec praticien'),
(6, 'traiteur, alimentation, boisson'),
(7, 'Voyage SNCF'),
(8, 'location équipement vidéo/sonore'),
(9, 'taxi'),
(10, 'rémunération intervenant/spécialiste');

-- --------------------------------------------------------

--
-- Structure de la table `lignefraisforfait`
--

DROP TABLE IF EXISTS `lignefraisforfait`;
CREATE TABLE IF NOT EXISTS `lignefraisforfait` (
  `idVisiteur` char(4) NOT NULL,
  `mois` char(6) NOT NULL,
  `idFraisForfait` char(3) NOT NULL,
  `quantite` int(11) DEFAULT NULL,
  PRIMARY KEY (`idVisiteur`,`mois`,`idFraisForfait`),
  KEY `idFraisForfait` (`idFraisForfait`)
) ENGINE=InnoDB DEFAULT CHARSET=latin1;

--
-- Déchargement des données de la table `lignefraisforfait`
--

INSERT INTO `lignefraisforfait` (`idVisiteur`, `mois`, `idFraisForfait`, `quantite`) VALUES
('a131', '201901', 'ETP', 0),
('a131', '201901', 'KM', 306),
('a131', '201901', 'NUI', 0),
('a131', '201901', 'REP', 0),
('a131', '201902', 'ETP', 0),
('a131', '201902', 'KM', 881),
('a131', '201902', 'NUI', 0),
('a131', '201902', 'REP', 0),
('a131', '201903', 'ETP', 0),
('a131', '201903', 'KM', 340),
('a131', '201903', 'NUI', 0),
('a131', '201903', 'REP', 0),
('a131', '201904', 'ETP', 0),
('a131', '201904', 'KM', 680),
('a131', '201904', 'NUI', 0),
('a131', '201904', 'REP', 0),
('a131', '201905', 'ETP', 0),
('a131', '201905', 'KM', 516),
('a131', '201905', 'NUI', 0),
('a131', '201905', 'REP', 0),
('a131', '201906', 'ETP', 0),
('a131', '201906', 'KM', 932),
('a131', '201906', 'NUI', 0),
('a131', '201906', 'REP', 0),
('a131', '201907', 'ETP', 0),
('a131', '201907', 'KM', 489),
('a131', '201907', 'NUI', 0),
('a131', '201907', 'REP', 0),
('a131', '201908', 'ETP', 0),
('a131', '201908', 'KM', 306),
('a131', '201908', 'NUI', 0),
('a131', '201908', 'REP', 0),
('a131', '201909', 'ETP', 0),
('a131', '201909', 'KM', 516),
('a131', '201909', 'NUI', 0),
('a131', '201909', 'REP', 0),
('a131', '201910', 'ETP', 0),
('a131', '201910', 'KM', 698),
('a131', '201910', 'NUI', 0),
('a131', '201910', 'REP', 0),
('a17', '201901', 'ETP', 0),
('a17', '201901', 'KM', 602),
('a17', '201901', 'NUI', 0),
('a17', '201901', 'REP', 0),
('a17', '201902', 'ETP', 0),
('a17', '201902', 'KM', 933),
('a17', '201902', 'NUI', 0),
('a17', '201902', 'REP', 0),
('a17', '201903', 'ETP', 0),
('a17', '201903', 'KM', 620),
('a17', '201903', 'NUI', 0),
('a17', '201903', 'REP', 0),
('a17', '201904', 'ETP', 0),
('a17', '201904', 'KM', 302),
('a17', '201904', 'NUI', 0),
('a17', '201904', 'REP', 0),
('a17', '201905', 'ETP', 0),
('a17', '201905', 'KM', 575),
('a17', '201905', 'NUI', 0),
('a17', '201905', 'REP', 0),
('a17', '201906', 'ETP', 0),
('a17', '201906', 'KM', 697),
('a17', '201906', 'NUI', 0),
('a17', '201906', 'REP', 0),
('a17', '201907', 'ETP', 0),
('a17', '201907', 'KM', 851),
('a17', '201907', 'NUI', 0),
('a17', '201907', 'REP', 0),
('a17', '201908', 'ETP', 0),
('a17', '201908', 'KM', 714),
('a17', '201908', 'NUI', 0),
('a17', '201908', 'REP', 0),
('a17', '201909', 'ETP', 0),
('a17', '201909', 'KM', 506),
('a17', '201909', 'NUI', 0),
('a17', '201909', 'REP', 0),
('a17', '201910', 'ETP', 0),
('a17', '201910', 'KM', 311),
('a17', '201910', 'NUI', 0),
('a17', '201910', 'REP', 0),
('a17', '201911', 'ETP', 0),
('a17', '201911', 'KM', 0),
('a17', '201911', 'NUI', 0),
('a17', '201911', 'REP', 0),
('a55', '201901', 'ETP', 0),
('a55', '201901', 'KM', 389),
('a55', '201901', 'NUI', 0),
('a55', '201901', 'REP', 0),
('a55', '201902', 'ETP', 0),
('a55', '201902', 'KM', 603),
('a55', '201902', 'NUI', 0),
('a55', '201902', 'REP', 0),
('a55', '201903', 'ETP', 0),
('a55', '201903', 'KM', 754),
('a55', '201903', 'NUI', 0),
('a55', '201903', 'REP', 0),
('a55', '201904', 'ETP', 0),
('a55', '201904', 'KM', 667),
('a55', '201904', 'NUI', 0),
('a55', '201904', 'REP', 0),
('a55', '201905', 'ETP', 0),
('a55', '201905', 'KM', 505),
('a55', '201905', 'NUI', 0),
('a55', '201905', 'REP', 0),
('a55', '201906', 'ETP', 0),
('a55', '201906', 'KM', 356),
('a55', '201906', 'NUI', 0),
('a55', '201906', 'REP', 0),
('a55', '201907', 'ETP', 0),
('a55', '201907', 'KM', 739),
('a55', '201907', 'NUI', 0),
('a55', '201907', 'REP', 0),
('a55', '201908', 'ETP', 0),
('a55', '201908', 'KM', 435),
('a55', '201908', 'NUI', 0),
('a55', '201908', 'REP', 0),
('a55', '201909', 'ETP', 0),
('a55', '201909', 'KM', 856),
('a55', '201909', 'NUI', 0),
('a55', '201909', 'REP', 0),
('a55', '201910', 'ETP', 0),
('a55', '201910', 'KM', 517),
('a55', '201910', 'NUI', 0),
('a55', '201910', 'REP', 0),
('a55', '201911', 'ETP', 0),
('a55', '201911', 'KM', 0),
('a55', '201911', 'NUI', 0),
('a55', '201911', 'REP', 0),
('a93', '201901', 'ETP', 0),
('a93', '201901', 'KM', 679),
('a93', '201901', 'NUI', 0),
('a93', '201901', 'REP', 0),
('a93', '201902', 'ETP', 0),
('a93', '201902', 'KM', 893),
('a93', '201902', 'NUI', 0),
('a93', '201902', 'REP', 0),
('a93', '201903', 'ETP', 0),
('a93', '201903', 'KM', 697),
('a93', '201903', 'NUI', 0),
('a93', '201903', 'REP', 0),
('a93', '201904', 'ETP', 0),
('a93', '201904', 'KM', 829),
('a93', '201904', 'NUI', 0),
('a93', '201904', 'REP', 0),
('a93', '201905', 'ETP', 0),
('a93', '201905', 'KM', 647),
('a93', '201905', 'NUI', 0),
('a93', '201905', 'REP', 0),
('a93', '201906', 'ETP', 0),
('a93', '201906', 'KM', 357),
('a93', '201906', 'NUI', 0),
('a93', '201906', 'REP', 0),
('a93', '201907', 'ETP', 0),
('a93', '201907', 'KM', 536),
('a93', '201907', 'NUI', 0),
('a93', '201907', 'REP', 0),
('a93', '201908', 'ETP', 0),
('a93', '201908', 'KM', 490),
('a93', '201908', 'NUI', 0),
('a93', '201908', 'REP', 0),
('a93', '201909', 'ETP', 0),
('a93', '201909', 'KM', 416),
('a93', '201909', 'NUI', 0),
('a93', '201909', 'REP', 0),
('a93', '201910', 'ETP', 0),
('a93', '201910', 'KM', 792),
('a93', '201910', 'NUI', 0),
('a93', '201910', 'REP', 0),
('b13', '201901', 'ETP', 0),
('b13', '201901', 'KM', 759),
('b13', '201901', 'NUI', 0),
('b13', '201901', 'REP', 0),
('b13', '201902', 'ETP', 0),
('b13', '201902', 'KM', 554),
('b13', '201902', 'NUI', 0),
('b13', '201902', 'REP', 0),
('b13', '201903', 'ETP', 0),
('b13', '201903', 'KM', 877),
('b13', '201903', 'NUI', 0),
('b13', '201903', 'REP', 0),
('b13', '201904', 'ETP', 0),
('b13', '201904', 'KM', 935),
('b13', '201904', 'NUI', 0),
('b13', '201904', 'REP', 0),
('b13', '201905', 'ETP', 0),
('b13', '201905', 'KM', 770),
('b13', '201905', 'NUI', 0),
('b13', '201905', 'REP', 0),
('b13', '201906', 'ETP', 0),
('b13', '201906', 'KM', 696),
('b13', '201906', 'NUI', 0),
('b13', '201906', 'REP', 0),
('b13', '201907', 'ETP', 0),
('b13', '201907', 'KM', 432),
('b13', '201907', 'NUI', 0),
('b13', '201907', 'REP', 0),
('b13', '201908', 'ETP', 0),
('b13', '201908', 'KM', 964),
('b13', '201908', 'NUI', 0),
('b13', '201908', 'REP', 0),
('b13', '201909', 'ETP', 0),
('b13', '201909', 'KM', 458),
('b13', '201909', 'NUI', 0),
('b13', '201909', 'REP', 0),
('b13', '201910', 'ETP', 0),
('b13', '201910', 'KM', 715),
('b13', '201910', 'NUI', 0),
('b13', '201910', 'REP', 0),
('b16', '201901', 'ETP', 0),
('b16', '201901', 'KM', 980),
('b16', '201901', 'NUI', 0),
('b16', '201901', 'REP', 0),
('b16', '201902', 'ETP', 0),
('b16', '201902', 'KM', 533),
('b16', '201902', 'NUI', 0),
('b16', '201902', 'REP', 0),
('b16', '201903', 'ETP', 0),
('b16', '201903', 'KM', 477),
('b16', '201903', 'NUI', 0),
('b16', '201903', 'REP', 0),
('b16', '201904', 'ETP', 0),
('b16', '201904', 'KM', 518),
('b16', '201904', 'NUI', 0),
('b16', '201904', 'REP', 0),
('b16', '201905', 'ETP', 0),
('b16', '201905', 'KM', 641),
('b16', '201905', 'NUI', 0),
('b16', '201905', 'REP', 0),
('b16', '201906', 'ETP', 0),
('b16', '201906', 'KM', 952),
('b16', '201906', 'NUI', 0),
('b16', '201906', 'REP', 0),
('b16', '201907', 'ETP', 0),
('b16', '201907', 'KM', 586),
('b16', '201907', 'NUI', 0),
('b16', '201907', 'REP', 0),
('b16', '201908', 'ETP', 0),
('b16', '201908', 'KM', 921),
('b16', '201908', 'NUI', 0),
('b16', '201908', 'REP', 0),
('b16', '201909', 'ETP', 0),
('b16', '201909', 'KM', 581),
('b16', '201909', 'NUI', 0),
('b16', '201909', 'REP', 0),
('b16', '201910', 'ETP', 0),
('b16', '201910', 'KM', 425),
('b16', '201910', 'NUI', 0),
('b16', '201910', 'REP', 0),
('b19', '201901', 'ETP', 0),
('b19', '201901', 'KM', 973),
('b19', '201901', 'NUI', 0),
('b19', '201901', 'REP', 0),
('b19', '201902', 'ETP', 0),
('b19', '201902', 'KM', 398),
('b19', '201902', 'NUI', 0),
('b19', '201902', 'REP', 0),
('b19', '201903', 'ETP', 0),
('b19', '201903', 'KM', 361),
('b19', '201903', 'NUI', 0),
('b19', '201903', 'REP', 0),
('b19', '201904', 'ETP', 0),
('b19', '201904', 'KM', 756),
('b19', '201904', 'NUI', 0),
('b19', '201904', 'REP', 0),
('b19', '201905', 'ETP', 0),
('b19', '201905', 'KM', 368),
('b19', '201905', 'NUI', 0),
('b19', '201905', 'REP', 0),
('b19', '201906', 'ETP', 0),
('b19', '201906', 'KM', 857),
('b19', '201906', 'NUI', 0),
('b19', '201906', 'REP', 0),
('b19', '201907', 'ETP', 0),
('b19', '201907', 'KM', 917),
('b19', '201907', 'NUI', 0),
('b19', '201907', 'REP', 0),
('b19', '201908', 'ETP', 0),
('b19', '201908', 'KM', 738),
('b19', '201908', 'NUI', 0),
('b19', '201908', 'REP', 0),
('b19', '201909', 'ETP', 0),
('b19', '201909', 'KM', 879),
('b19', '201909', 'NUI', 0),
('b19', '201909', 'REP', 0),
('b19', '201910', 'ETP', 0),
('b19', '201910', 'KM', 836),
('b19', '201910', 'NUI', 0),
('b19', '201910', 'REP', 0),
('b25', '201901', 'ETP', 0),
('b25', '201901', 'KM', 565),
('b25', '201901', 'NUI', 0),
('b25', '201901', 'REP', 0),
('b25', '201902', 'ETP', 0),
('b25', '201902', 'KM', 836),
('b25', '201902', 'NUI', 0),
('b25', '201902', 'REP', 0),
('b25', '201903', 'ETP', 0),
('b25', '201903', 'KM', 873),
('b25', '201903', 'NUI', 0),
('b25', '201903', 'REP', 0),
('b25', '201904', 'ETP', 0),
('b25', '201904', 'KM', 439),
('b25', '201904', 'NUI', 0),
('b25', '201904', 'REP', 0),
('b25', '201905', 'ETP', 0),
('b25', '201905', 'KM', 496),
('b25', '201905', 'NUI', 0),
('b25', '201905', 'REP', 0),
('b25', '201906', 'ETP', 0),
('b25', '201906', 'KM', 456),
('b25', '201906', 'NUI', 0),
('b25', '201906', 'REP', 0),
('b25', '201907', 'ETP', 0),
('b25', '201907', 'KM', 693),
('b25', '201907', 'NUI', 0),
('b25', '201907', 'REP', 0),
('b25', '201908', 'ETP', 0),
('b25', '201908', 'KM', 425),
('b25', '201908', 'NUI', 0),
('b25', '201908', 'REP', 0),
('b25', '201909', 'ETP', 0),
('b25', '201909', 'KM', 455),
('b25', '201909', 'NUI', 0),
('b25', '201909', 'REP', 0),
('b25', '201910', 'ETP', 0),
('b25', '201910', 'KM', 871),
('b25', '201910', 'NUI', 0),
('b25', '201910', 'REP', 0),
('b28', '201901', 'ETP', 0),
('b28', '201901', 'KM', 613),
('b28', '201901', 'NUI', 0),
('b28', '201901', 'REP', 0),
('b28', '201902', 'ETP', 0),
('b28', '201902', 'KM', 385),
('b28', '201902', 'NUI', 0),
('b28', '201902', 'REP', 0),
('b28', '201903', 'ETP', 0),
('b28', '201903', 'KM', 432),
('b28', '201903', 'NUI', 0),
('b28', '201903', 'REP', 0),
('b28', '201904', 'ETP', 0),
('b28', '201904', 'KM', 934),
('b28', '201904', 'NUI', 0),
('b28', '201904', 'REP', 0),
('b28', '201905', 'ETP', 0),
('b28', '201905', 'KM', 388),
('b28', '201905', 'NUI', 0),
('b28', '201905', 'REP', 0),
('b28', '201906', 'ETP', 0),
('b28', '201906', 'KM', 646),
('b28', '201906', 'NUI', 0),
('b28', '201906', 'REP', 0),
('b28', '201907', 'ETP', 0),
('b28', '201907', 'KM', 639),
('b28', '201907', 'NUI', 0),
('b28', '201907', 'REP', 0),
('b28', '201908', 'ETP', 0),
('b28', '201908', 'KM', 854),
('b28', '201908', 'NUI', 0),
('b28', '201908', 'REP', 0),
('b28', '201909', 'ETP', 0),
('b28', '201909', 'KM', 965),
('b28', '201909', 'NUI', 0),
('b28', '201909', 'REP', 0),
('b28', '201910', 'ETP', 0),
('b28', '201910', 'KM', 301),
('b28', '201910', 'NUI', 0),
('b28', '201910', 'REP', 0),
('b34', '201901', 'ETP', 0),
('b34', '201901', 'KM', 734),
('b34', '201901', 'NUI', 0),
('b34', '201901', 'REP', 0),
('b34', '201902', 'ETP', 0),
('b34', '201902', 'KM', 678),
('b34', '201902', 'NUI', 0),
('b34', '201902', 'REP', 0),
('b34', '201903', 'ETP', 0),
('b34', '201903', 'KM', 580),
('b34', '201903', 'NUI', 0),
('b34', '201903', 'REP', 0),
('b34', '201904', 'ETP', 0),
('b34', '201904', 'KM', 887),
('b34', '201904', 'NUI', 0),
('b34', '201904', 'REP', 0),
('b34', '201905', 'ETP', 0),
('b34', '201905', 'KM', 694),
('b34', '201905', 'NUI', 0),
('b34', '201905', 'REP', 0),
('b34', '201906', 'ETP', 0),
('b34', '201906', 'KM', 877),
('b34', '201906', 'NUI', 0),
('b34', '201906', 'REP', 0),
('b34', '201907', 'ETP', 0),
('b34', '201907', 'KM', 420),
('b34', '201907', 'NUI', 0),
('b34', '201907', 'REP', 0),
('b34', '201908', 'ETP', 0),
('b34', '201908', 'KM', 424),
('b34', '201908', 'NUI', 0),
('b34', '201908', 'REP', 0),
('b34', '201909', 'ETP', 0),
('b34', '201909', 'KM', 389),
('b34', '201909', 'NUI', 0),
('b34', '201909', 'REP', 0),
('b34', '201910', 'ETP', 0),
('b34', '201910', 'KM', 653),
('b34', '201910', 'NUI', 0),
('b34', '201910', 'REP', 0),
('b4', '201901', 'ETP', 0),
('b4', '201901', 'KM', 332),
('b4', '201901', 'NUI', 0),
('b4', '201901', 'REP', 0),
('b4', '201902', 'ETP', 0),
('b4', '201902', 'KM', 837),
('b4', '201902', 'NUI', 0),
('b4', '201902', 'REP', 0),
('b4', '201903', 'ETP', 0),
('b4', '201903', 'KM', 619),
('b4', '201903', 'NUI', 0),
('b4', '201903', 'REP', 0),
('b4', '201904', 'ETP', 0),
('b4', '201904', 'KM', 423),
('b4', '201904', 'NUI', 0),
('b4', '201904', 'REP', 0),
('b4', '201905', 'ETP', 0),
('b4', '201905', 'KM', 472),
('b4', '201905', 'NUI', 0),
('b4', '201905', 'REP', 0),
('b4', '201906', 'ETP', 0),
('b4', '201906', 'KM', 581),
('b4', '201906', 'NUI', 0),
('b4', '201906', 'REP', 0),
('b4', '201907', 'ETP', 0),
('b4', '201907', 'KM', 326),
('b4', '201907', 'NUI', 0),
('b4', '201907', 'REP', 0),
('b4', '201908', 'ETP', 0),
('b4', '201908', 'KM', 793),
('b4', '201908', 'NUI', 0),
('b4', '201908', 'REP', 0),
('b4', '201909', 'ETP', 0),
('b4', '201909', 'KM', 889),
('b4', '201909', 'NUI', 0),
('b4', '201909', 'REP', 0),
('b4', '201910', 'ETP', 0),
('b4', '201910', 'KM', 508),
('b4', '201910', 'NUI', 0),
('b4', '201910', 'REP', 0),
('b50', '201901', 'ETP', 0),
('b50', '201901', 'KM', 554),
('b50', '201901', 'NUI', 0),
('b50', '201901', 'REP', 0),
('b50', '201902', 'ETP', 0),
('b50', '201902', 'KM', 309),
('b50', '201902', 'NUI', 0),
('b50', '201902', 'REP', 0),
('b50', '201903', 'ETP', 0),
('b50', '201903', 'KM', 703),
('b50', '201903', 'NUI', 0),
('b50', '201903', 'REP', 0),
('b50', '201904', 'ETP', 0),
('b50', '201904', 'KM', 616),
('b50', '201904', 'NUI', 0),
('b50', '201904', 'REP', 0),
('b50', '201905', 'ETP', 0),
('b50', '201905', 'KM', 622),
('b50', '201905', 'NUI', 0),
('b50', '201905', 'REP', 0),
('b50', '201906', 'ETP', 0),
('b50', '201906', 'KM', 323),
('b50', '201906', 'NUI', 0),
('b50', '201906', 'REP', 0),
('b50', '201907', 'ETP', 0),
('b50', '201907', 'KM', 432),
('b50', '201907', 'NUI', 0),
('b50', '201907', 'REP', 0),
('b50', '201908', 'ETP', 0),
('b50', '201908', 'KM', 657),
('b50', '201908', 'NUI', 0),
('b50', '201908', 'REP', 0),
('b50', '201909', 'ETP', 0),
('b50', '201909', 'KM', 373),
('b50', '201909', 'NUI', 0),
('b50', '201909', 'REP', 0),
('b50', '201910', 'ETP', 0),
('b50', '201910', 'KM', 690),
('b50', '201910', 'NUI', 0),
('b50', '201910', 'REP', 0),
('b59', '201901', 'ETP', 0),
('b59', '201901', 'KM', 542),
('b59', '201901', 'NUI', 0),
('b59', '201901', 'REP', 0),
('b59', '201902', 'ETP', 0),
('b59', '201902', 'KM', 885),
('b59', '201902', 'NUI', 0),
('b59', '201902', 'REP', 0),
('b59', '201903', 'ETP', 0),
('b59', '201903', 'KM', 557),
('b59', '201903', 'NUI', 0),
('b59', '201903', 'REP', 0),
('b59', '201904', 'ETP', 0),
('b59', '201904', 'KM', 582),
('b59', '201904', 'NUI', 0),
('b59', '201904', 'REP', 0),
('b59', '201905', 'ETP', 0),
('b59', '201905', 'KM', 475),
('b59', '201905', 'NUI', 0),
('b59', '201905', 'REP', 0),
('b59', '201906', 'ETP', 0),
('b59', '201906', 'KM', 594),
('b59', '201906', 'NUI', 0),
('b59', '201906', 'REP', 0),
('b59', '201907', 'ETP', 0),
('b59', '201907', 'KM', 778),
('b59', '201907', 'NUI', 0),
('b59', '201907', 'REP', 0),
('b59', '201908', 'ETP', 0),
('b59', '201908', 'KM', 745),
('b59', '201908', 'NUI', 0),
('b59', '201908', 'REP', 0),
('b59', '201909', 'ETP', 0),
('b59', '201909', 'KM', 905),
('b59', '201909', 'NUI', 0),
('b59', '201909', 'REP', 0),
('b59', '201910', 'ETP', 0),
('b59', '201910', 'KM', 900),
('b59', '201910', 'NUI', 0),
('b59', '201910', 'REP', 0),
('c14', '201901', 'ETP', 0),
('c14', '201901', 'KM', 467),
('c14', '201901', 'NUI', 0),
('c14', '201901', 'REP', 0),
('c14', '201902', 'ETP', 0),
('c14', '201902', 'KM', 434),
('c14', '201902', 'NUI', 0),
('c14', '201902', 'REP', 0),
('c14', '201903', 'ETP', 0),
('c14', '201903', 'KM', 764),
('c14', '201903', 'NUI', 0),
('c14', '201903', 'REP', 0),
('c14', '201904', 'ETP', 0),
('c14', '201904', 'KM', 378),
('c14', '201904', 'NUI', 0),
('c14', '201904', 'REP', 0),
('c14', '201905', 'ETP', 0),
('c14', '201905', 'KM', 493),
('c14', '201905', 'NUI', 0),
('c14', '201905', 'REP', 0),
('c14', '201906', 'ETP', 0),
('c14', '201906', 'KM', 760),
('c14', '201906', 'NUI', 0),
('c14', '201906', 'REP', 0),
('c14', '201907', 'ETP', 0),
('c14', '201907', 'KM', 881),
('c14', '201907', 'NUI', 0),
('c14', '201907', 'REP', 0),
('c14', '201908', 'ETP', 0),
('c14', '201908', 'KM', 811),
('c14', '201908', 'NUI', 0),
('c14', '201908', 'REP', 0),
('c14', '201909', 'ETP', 0),
('c14', '201909', 'KM', 872),
('c14', '201909', 'NUI', 0),
('c14', '201909', 'REP', 0),
('c14', '201910', 'ETP', 0),
('c14', '201910', 'KM', 677),
('c14', '201910', 'NUI', 0),
('c14', '201910', 'REP', 0),
('c3', '201901', 'ETP', 0),
('c3', '201901', 'KM', 507),
('c3', '201901', 'NUI', 0),
('c3', '201901', 'REP', 0),
('c3', '201902', 'ETP', 0),
('c3', '201902', 'KM', 601),
('c3', '201902', 'NUI', 0),
('c3', '201902', 'REP', 0),
('c3', '201903', 'ETP', 0),
('c3', '201903', 'KM', 895),
('c3', '201903', 'NUI', 0),
('c3', '201903', 'REP', 0),
('c3', '201904', 'ETP', 0),
('c3', '201904', 'KM', 919),
('c3', '201904', 'NUI', 0),
('c3', '201904', 'REP', 0),
('c3', '201905', 'ETP', 0),
('c3', '201905', 'KM', 327),
('c3', '201905', 'NUI', 0),
('c3', '201905', 'REP', 0),
('c3', '201906', 'ETP', 0),
('c3', '201906', 'KM', 790),
('c3', '201906', 'NUI', 0),
('c3', '201906', 'REP', 0),
('c3', '201907', 'ETP', 0),
('c3', '201907', 'KM', 405),
('c3', '201907', 'NUI', 0),
('c3', '201907', 'REP', 0),
('c3', '201908', 'ETP', 0),
('c3', '201908', 'KM', 741),
('c3', '201908', 'NUI', 0),
('c3', '201908', 'REP', 0),
('c3', '201909', 'ETP', 0),
('c3', '201909', 'KM', 465),
('c3', '201909', 'NUI', 0),
('c3', '201909', 'REP', 0),
('c3', '201910', 'ETP', 0),
('c3', '201910', 'KM', 752),
('c3', '201910', 'NUI', 0),
('c3', '201910', 'REP', 0),
('c54', '201901', 'ETP', 0),
('c54', '201901', 'KM', 691),
('c54', '201901', 'NUI', 0),
('c54', '201901', 'REP', 0),
('c54', '201902', 'ETP', 0),
('c54', '201902', 'KM', 475),
('c54', '201902', 'NUI', 0),
('c54', '201902', 'REP', 0),
('c54', '201903', 'ETP', 0),
('c54', '201903', 'KM', 377),
('c54', '201903', 'NUI', 0),
('c54', '201903', 'REP', 0),
('c54', '201904', 'ETP', 0),
('c54', '201904', 'KM', 777),
('c54', '201904', 'NUI', 0),
('c54', '201904', 'REP', 0),
('c54', '201905', 'ETP', 0),
('c54', '201905', 'KM', 767),
('c54', '201905', 'NUI', 0),
('c54', '201905', 'REP', 0),
('c54', '201906', 'ETP', 0),
('c54', '201906', 'KM', 943),
('c54', '201906', 'NUI', 0),
('c54', '201906', 'REP', 0),
('c54', '201907', 'ETP', 0),
('c54', '201907', 'KM', 339),
('c54', '201907', 'NUI', 0),
('c54', '201907', 'REP', 0),
('c54', '201908', 'ETP', 0),
('c54', '201908', 'KM', 842),
('c54', '201908', 'NUI', 0),
('c54', '201908', 'REP', 0),
('c54', '201909', 'ETP', 0),
('c54', '201909', 'KM', 681),
('c54', '201909', 'NUI', 0),
('c54', '201909', 'REP', 0),
('c54', '201910', 'ETP', 0),
('c54', '201910', 'KM', 728),
('c54', '201910', 'NUI', 0),
('c54', '201910', 'REP', 0),
('d13', '201901', 'ETP', 0),
('d13', '201901', 'KM', 370),
('d13', '201901', 'NUI', 0),
('d13', '201901', 'REP', 0),
('d13', '201902', 'ETP', 0),
('d13', '201902', 'KM', 879),
('d13', '201902', 'NUI', 0),
('d13', '201902', 'REP', 0),
('d13', '201903', 'ETP', 0),
('d13', '201903', 'KM', 366),
('d13', '201903', 'NUI', 0),
('d13', '201903', 'REP', 0),
('d13', '201904', 'ETP', 0),
('d13', '201904', 'KM', 883),
('d13', '201904', 'NUI', 0),
('d13', '201904', 'REP', 0),
('d13', '201905', 'ETP', 0),
('d13', '201905', 'KM', 639),
('d13', '201905', 'NUI', 0),
('d13', '201905', 'REP', 0),
('d13', '201906', 'ETP', 0),
('d13', '201906', 'KM', 942),
('d13', '201906', 'NUI', 0),
('d13', '201906', 'REP', 0),
('d13', '201907', 'ETP', 0),
('d13', '201907', 'KM', 803),
('d13', '201907', 'NUI', 0),
('d13', '201907', 'REP', 0),
('d13', '201908', 'ETP', 0),
('d13', '201908', 'KM', 304),
('d13', '201908', 'NUI', 0),
('d13', '201908', 'REP', 0),
('d13', '201909', 'ETP', 0),
('d13', '201909', 'KM', 332),
('d13', '201909', 'NUI', 0),
('d13', '201909', 'REP', 0),
('d13', '201910', 'ETP', 0),
('d13', '201910', 'KM', 597),
('d13', '201910', 'NUI', 0),
('d13', '201910', 'REP', 0),
('d51', '201901', 'ETP', 0),
('d51', '201901', 'KM', 532),
('d51', '201901', 'NUI', 0),
('d51', '201901', 'REP', 0),
('d51', '201902', 'ETP', 0),
('d51', '201902', 'KM', 620),
('d51', '201902', 'NUI', 0),
('d51', '201902', 'REP', 0),
('d51', '201903', 'ETP', 0),
('d51', '201903', 'KM', 568),
('d51', '201903', 'NUI', 0),
('d51', '201903', 'REP', 0),
('d51', '201904', 'ETP', 0),
('d51', '201904', 'KM', 361),
('d51', '201904', 'NUI', 0),
('d51', '201904', 'REP', 0),
('d51', '201905', 'ETP', 0),
('d51', '201905', 'KM', 586),
('d51', '201905', 'NUI', 0),
('d51', '201905', 'REP', 0),
('d51', '201906', 'ETP', 0),
('d51', '201906', 'KM', 916),
('d51', '201906', 'NUI', 0),
('d51', '201906', 'REP', 0),
('d51', '201907', 'ETP', 0),
('d51', '201907', 'KM', 363),
('d51', '201907', 'NUI', 0),
('d51', '201907', 'REP', 0),
('d51', '201908', 'ETP', 0),
('d51', '201908', 'KM', 374),
('d51', '201908', 'NUI', 0),
('d51', '201908', 'REP', 0),
('d51', '201909', 'ETP', 0),
('d51', '201909', 'KM', 430),
('d51', '201909', 'NUI', 0),
('d51', '201909', 'REP', 0),
('d51', '201910', 'ETP', 0),
('d51', '201910', 'KM', 545),
('d51', '201910', 'NUI', 0),
('d51', '201910', 'REP', 0),
('e22', '201901', 'ETP', 0),
('e22', '201901', 'KM', 342),
('e22', '201901', 'NUI', 0),
('e22', '201901', 'REP', 0),
('e22', '201902', 'ETP', 0),
('e22', '201902', 'KM', 401),
('e22', '201902', 'NUI', 0),
('e22', '201902', 'REP', 0),
('e22', '201903', 'ETP', 0),
('e22', '201903', 'KM', 328),
('e22', '201903', 'NUI', 0),
('e22', '201903', 'REP', 0),
('e22', '201904', 'ETP', 0),
('e22', '201904', 'KM', 337),
('e22', '201904', 'NUI', 0),
('e22', '201904', 'REP', 0),
('e22', '201905', 'ETP', 0),
('e22', '201905', 'KM', 834),
('e22', '201905', 'NUI', 0),
('e22', '201905', 'REP', 0),
('e22', '201906', 'ETP', 0),
('e22', '201906', 'KM', 676),
('e22', '201906', 'NUI', 0),
('e22', '201906', 'REP', 0),
('e22', '201907', 'ETP', 0),
('e22', '201907', 'KM', 592),
('e22', '201907', 'NUI', 0),
('e22', '201907', 'REP', 0),
('e22', '201908', 'ETP', 0),
('e22', '201908', 'KM', 995),
('e22', '201908', 'NUI', 0),
('e22', '201908', 'REP', 0),
('e22', '201909', 'ETP', 0),
('e22', '201909', 'KM', 601),
('e22', '201909', 'NUI', 0),
('e22', '201909', 'REP', 0),
('e22', '201910', 'ETP', 0),
('e22', '201910', 'KM', 610),
('e22', '201910', 'NUI', 0),
('e22', '201910', 'REP', 0),
('e24', '201901', 'ETP', 0),
('e24', '201901', 'KM', 859),
('e24', '201901', 'NUI', 0),
('e24', '201901', 'REP', 0),
('e24', '201902', 'ETP', 0),
('e24', '201902', 'KM', 876),
('e24', '201902', 'NUI', 0),
('e24', '201902', 'REP', 0),
('e24', '201903', 'ETP', 0),
('e24', '201903', 'KM', 464),
('e24', '201903', 'NUI', 0),
('e24', '201903', 'REP', 0),
('e24', '201904', 'ETP', 0),
('e24', '201904', 'KM', 762),
('e24', '201904', 'NUI', 0),
('e24', '201904', 'REP', 0),
('e24', '201905', 'ETP', 0),
('e24', '201905', 'KM', 354),
('e24', '201905', 'NUI', 0),
('e24', '201905', 'REP', 0),
('e24', '201906', 'ETP', 0),
('e24', '201906', 'KM', 521),
('e24', '201906', 'NUI', 0),
('e24', '201906', 'REP', 0),
('e24', '201907', 'ETP', 0),
('e24', '201907', 'KM', 850),
('e24', '201907', 'NUI', 0),
('e24', '201907', 'REP', 0),
('e24', '201908', 'ETP', 0),
('e24', '201908', 'KM', 330),
('e24', '201908', 'NUI', 0),
('e24', '201908', 'REP', 0),
('e24', '201909', 'ETP', 0),
('e24', '201909', 'KM', 835),
('e24', '201909', 'NUI', 0),
('e24', '201909', 'REP', 0),
('e24', '201910', 'ETP', 0),
('e24', '201910', 'KM', 877),
('e24', '201910', 'NUI', 0),
('e24', '201910', 'REP', 0),
('e39', '201901', 'ETP', 0),
('e39', '201901', 'KM', 753),
('e39', '201901', 'NUI', 0),
('e39', '201901', 'REP', 0),
('e39', '201902', 'ETP', 0),
('e39', '201902', 'KM', 848),
('e39', '201902', 'NUI', 0),
('e39', '201902', 'REP', 0),
('e39', '201903', 'ETP', 0),
('e39', '201903', 'KM', 346),
('e39', '201903', 'NUI', 0),
('e39', '201903', 'REP', 0),
('e39', '201904', 'ETP', 0),
('e39', '201904', 'KM', 889),
('e39', '201904', 'NUI', 0),
('e39', '201904', 'REP', 0),
('e39', '201905', 'ETP', 0),
('e39', '201905', 'KM', 671),
('e39', '201905', 'NUI', 0),
('e39', '201905', 'REP', 0),
('e39', '201906', 'ETP', 0),
('e39', '201906', 'KM', 389),
('e39', '201906', 'NUI', 0),
('e39', '201906', 'REP', 0),
('e39', '201907', 'ETP', 0),
('e39', '201907', 'KM', 427),
('e39', '201907', 'NUI', 0),
('e39', '201907', 'REP', 0),
('e39', '201908', 'ETP', 0),
('e39', '201908', 'KM', 761),
('e39', '201908', 'NUI', 0),
('e39', '201908', 'REP', 0),
('e39', '201909', 'ETP', 0),
('e39', '201909', 'KM', 849),
('e39', '201909', 'NUI', 0),
('e39', '201909', 'REP', 0),
('e39', '201910', 'ETP', 0),
('e39', '201910', 'KM', 390),
('e39', '201910', 'NUI', 0),
('e39', '201910', 'REP', 0),
('e49', '201901', 'ETP', 0),
('e49', '201901', 'KM', 950),
('e49', '201901', 'NUI', 0),
('e49', '201901', 'REP', 0),
('e49', '201902', 'ETP', 0),
('e49', '201902', 'KM', 550),
('e49', '201902', 'NUI', 0),
('e49', '201902', 'REP', 0),
('e49', '201903', 'ETP', 0),
('e49', '201903', 'KM', 398),
('e49', '201903', 'NUI', 0),
('e49', '201903', 'REP', 0),
('e49', '201904', 'ETP', 0),
('e49', '201904', 'KM', 593),
('e49', '201904', 'NUI', 0),
('e49', '201904', 'REP', 0),
('e49', '201905', 'ETP', 0),
('e49', '201905', 'KM', 510),
('e49', '201905', 'NUI', 0),
('e49', '201905', 'REP', 0),
('e49', '201906', 'ETP', 0),
('e49', '201906', 'KM', 623),
('e49', '201906', 'NUI', 0),
('e49', '201906', 'REP', 0),
('e49', '201907', 'ETP', 0),
('e49', '201907', 'KM', 503),
('e49', '201907', 'NUI', 0),
('e49', '201907', 'REP', 0),
('e49', '201908', 'ETP', 0),
('e49', '201908', 'KM', 591),
('e49', '201908', 'NUI', 0),
('e49', '201908', 'REP', 0),
('e49', '201909', 'ETP', 0),
('e49', '201909', 'KM', 779),
('e49', '201909', 'NUI', 0),
('e49', '201909', 'REP', 0),
('e49', '201910', 'ETP', 0),
('e49', '201910', 'KM', 999),
('e49', '201910', 'NUI', 0),
('e49', '201910', 'REP', 0),
('e5', '201901', 'ETP', 0),
('e5', '201901', 'KM', 402),
('e5', '201901', 'NUI', 0),
('e5', '201901', 'REP', 0),
('e5', '201902', 'ETP', 0),
('e5', '201902', 'KM', 797),
('e5', '201902', 'NUI', 0),
('e5', '201902', 'REP', 0),
('e5', '201903', 'ETP', 0),
('e5', '201903', 'KM', 899),
('e5', '201903', 'NUI', 0),
('e5', '201903', 'REP', 0),
('e5', '201904', 'ETP', 0),
('e5', '201904', 'KM', 416),
('e5', '201904', 'NUI', 0),
('e5', '201904', 'REP', 0),
('e5', '201905', 'ETP', 0),
('e5', '201905', 'KM', 489),
('e5', '201905', 'NUI', 0),
('e5', '201905', 'REP', 0),
('e5', '201906', 'ETP', 0),
('e5', '201906', 'KM', 512),
('e5', '201906', 'NUI', 0),
('e5', '201906', 'REP', 0),
('e5', '201907', 'ETP', 0),
('e5', '201907', 'KM', 909),
('e5', '201907', 'NUI', 0),
('e5', '201907', 'REP', 0),
('e5', '201908', 'ETP', 0),
('e5', '201908', 'KM', 750),
('e5', '201908', 'NUI', 0),
('e5', '201908', 'REP', 0),
('e5', '201909', 'ETP', 0),
('e5', '201909', 'KM', 649),
('e5', '201909', 'NUI', 0),
('e5', '201909', 'REP', 0),
('e5', '201910', 'ETP', 0),
('e5', '201910', 'KM', 804),
('e5', '201910', 'NUI', 0),
('e5', '201910', 'REP', 0),
('e52', '201901', 'ETP', 0),
('e52', '201901', 'KM', 386),
('e52', '201901', 'NUI', 0),
('e52', '201901', 'REP', 0),
('e52', '201902', 'ETP', 0),
('e52', '201902', 'KM', 520),
('e52', '201902', 'NUI', 0),
('e52', '201902', 'REP', 0),
('e52', '201903', 'ETP', 0),
('e52', '201903', 'KM', 900),
('e52', '201903', 'NUI', 0),
('e52', '201903', 'REP', 0),
('e52', '201904', 'ETP', 0),
('e52', '201904', 'KM', 422),
('e52', '201904', 'NUI', 0),
('e52', '201904', 'REP', 0),
('e52', '201905', 'ETP', 0),
('e52', '201905', 'KM', 995),
('e52', '201905', 'NUI', 0),
('e52', '201905', 'REP', 0),
('e52', '201906', 'ETP', 0),
('e52', '201906', 'KM', 548),
('e52', '201906', 'NUI', 0),
('e52', '201906', 'REP', 0),
('e52', '201907', 'ETP', 0),
('e52', '201907', 'KM', 958),
('e52', '201907', 'NUI', 0),
('e52', '201907', 'REP', 0),
('e52', '201908', 'ETP', 0),
('e52', '201908', 'KM', 465),
('e52', '201908', 'NUI', 0),
('e52', '201908', 'REP', 0),
('e52', '201909', 'ETP', 0),
('e52', '201909', 'KM', 804),
('e52', '201909', 'NUI', 0),
('e52', '201909', 'REP', 0),
('e52', '201910', 'ETP', 0),
('e52', '201910', 'KM', 739),
('e52', '201910', 'NUI', 0),
('e52', '201910', 'REP', 0),
('f21', '201901', 'ETP', 0),
('f21', '201901', 'KM', 930),
('f21', '201901', 'NUI', 0),
('f21', '201901', 'REP', 0),
('f21', '201902', 'ETP', 0),
('f21', '201902', 'KM', 730),
('f21', '201902', 'NUI', 0),
('f21', '201902', 'REP', 0),
('f21', '201903', 'ETP', 0),
('f21', '201903', 'KM', 518),
('f21', '201903', 'NUI', 0),
('f21', '201903', 'REP', 0),
('f21', '201904', 'ETP', 0),
('f21', '201904', 'KM', 328),
('f21', '201904', 'NUI', 0),
('f21', '201904', 'REP', 0),
('f21', '201905', 'ETP', 0),
('f21', '201905', 'KM', 466),
('f21', '201905', 'NUI', 0),
('f21', '201905', 'REP', 0),
('f21', '201906', 'ETP', 0),
('f21', '201906', 'KM', 795),
('f21', '201906', 'NUI', 0),
('f21', '201906', 'REP', 0),
('f21', '201907', 'ETP', 0),
('f21', '201907', 'KM', 844),
('f21', '201907', 'NUI', 0),
('f21', '201907', 'REP', 0),
('f21', '201908', 'ETP', 0),
('f21', '201908', 'KM', 624),
('f21', '201908', 'NUI', 0),
('f21', '201908', 'REP', 0),
('f21', '201909', 'ETP', 0),
('f21', '201909', 'KM', 557),
('f21', '201909', 'NUI', 0),
('f21', '201909', 'REP', 0),
('f21', '201910', 'ETP', 0),
('f21', '201910', 'KM', 607),
('f21', '201910', 'NUI', 0),
('f21', '201910', 'REP', 0),
('f39', '201901', 'ETP', 0),
('f39', '201901', 'KM', 742),
('f39', '201901', 'NUI', 0),
('f39', '201901', 'REP', 0),
('f39', '201902', 'ETP', 0),
('f39', '201902', 'KM', 466),
('f39', '201902', 'NUI', 0),
('f39', '201902', 'REP', 0),
('f39', '201903', 'ETP', 0),
('f39', '201903', 'KM', 304),
('f39', '201903', 'NUI', 0),
('f39', '201903', 'REP', 0),
('f39', '201904', 'ETP', 0),
('f39', '201904', 'KM', 824),
('f39', '201904', 'NUI', 0),
('f39', '201904', 'REP', 0),
('f39', '201905', 'ETP', 0),
('f39', '201905', 'KM', 494),
('f39', '201905', 'NUI', 0),
('f39', '201905', 'REP', 0),
('f39', '201906', 'ETP', 0),
('f39', '201906', 'KM', 857),
('f39', '201906', 'NUI', 0),
('f39', '201906', 'REP', 0),
('f39', '201907', 'ETP', 0),
('f39', '201907', 'KM', 369),
('f39', '201907', 'NUI', 0),
('f39', '201907', 'REP', 0),
('f39', '201908', 'ETP', 0),
('f39', '201908', 'KM', 501),
('f39', '201908', 'NUI', 0),
('f39', '201908', 'REP', 0),
('f39', '201909', 'ETP', 0),
('f39', '201909', 'KM', 912),
('f39', '201909', 'NUI', 0),
('f39', '201909', 'REP', 0),
('f39', '201910', 'ETP', 0),
('f39', '201910', 'KM', 368),
('f39', '201910', 'NUI', 0),
('f39', '201910', 'REP', 0),
('f4', '201901', 'ETP', 0),
('f4', '201901', 'KM', 628),
('f4', '201901', 'NUI', 0),
('f4', '201901', 'REP', 0),
('f4', '201902', 'ETP', 0),
('f4', '201902', 'KM', 363),
('f4', '201902', 'NUI', 0),
('f4', '201902', 'REP', 0),
('f4', '201903', 'ETP', 0),
('f4', '201903', 'KM', 953),
('f4', '201903', 'NUI', 0),
('f4', '201903', 'REP', 0),
('f4', '201904', 'ETP', 0),
('f4', '201904', 'KM', 884),
('f4', '201904', 'NUI', 0),
('f4', '201904', 'REP', 0),
('f4', '201905', 'ETP', 0),
('f4', '201905', 'KM', 404),
('f4', '201905', 'NUI', 0),
('f4', '201905', 'REP', 0),
('f4', '201906', 'ETP', 0),
('f4', '201906', 'KM', 743),
('f4', '201906', 'NUI', 0),
('f4', '201906', 'REP', 0),
('f4', '201907', 'ETP', 0),
('f4', '201907', 'KM', 650),
('f4', '201907', 'NUI', 0),
('f4', '201907', 'REP', 0),
('f4', '201908', 'ETP', 0),
('f4', '201908', 'KM', 422),
('f4', '201908', 'NUI', 0),
('f4', '201908', 'REP', 0),
('f4', '201909', 'ETP', 0),
('f4', '201909', 'KM', 866),
('f4', '201909', 'NUI', 0),
('f4', '201909', 'REP', 0),
('f4', '201910', 'ETP', 0),
('f4', '201910', 'KM', 815),
('f4', '201910', 'NUI', 0),
('f4', '201910', 'REP', 0);

-- --------------------------------------------------------

--
-- Structure de la table `lignefraishorsforfait`
--

DROP TABLE IF EXISTS `lignefraishorsforfait`;
CREATE TABLE IF NOT EXISTS `lignefraishorsforfait` (
  `id` int(11) NOT NULL AUTO_INCREMENT,
  `idVisiteur` char(4) NOT NULL,
  `mois` char(6) NOT NULL,
  `date` date DEFAULT NULL,
  `montant` decimal(10,2) DEFAULT NULL,
  `idFraisHorsForfait` int(11) NOT NULL,
  PRIMARY KEY (`id`),
  KEY `idVisiteur` (`idVisiteur`,`mois`),
  KEY `ligneFraisHorsForfait` (`idFraisHorsForfait`)
) ENGINE=InnoDB AUTO_INCREMENT=828 DEFAULT CHARSET=latin1;

--
-- Déchargement des données de la table `lignefraishorsforfait`
--

INSERT INTO `lignefraishorsforfait` (`id`, `idVisiteur`, `mois`, `date`, `montant`, `idFraisHorsForfait`) VALUES
(1, 'a131', '201901', '2019-01-25', '138.00', 1),
(2, 'a131', '201901', '2019-01-27', '449.00', 2),
(3, 'a131', '201901', '2019-01-06', '46.00', 3),
(4, 'a131', '201901', '2019-01-18', '430.00', 1),
(5, 'a131', '201902', '2019-02-15', '438.00', 4),
(6, 'a131', '201903', '2019-03-15', '35.00', 5),
(7, 'a131', '201903', '2019-03-06', '378.00', 6),
(8, 'a131', '201903', '2019-03-08', '58.00', 7),
(9, 'a131', '201904', '2019-04-23', '17.00', 3),
(10, 'a131', '201904', '2019-04-12', '381.00', 2),
(11, 'a131', '201904', '2019-04-28', '80.00', 7),
(12, 'a131', '201904', '2019-04-13', '54.00', 7),
(13, 'a131', '201904', '2019-04-27', '25.00', 4),
(14, 'a131', '201904', '2019-04-15', '163.00', 4),
(15, 'a131', '201905', '2019-05-04', '337.00', 1),
(16, 'a131', '201906', '2019-06-15', '797.00', 8),
(17, 'a131', '201906', '2019-06-12', '50.00', 9),
(18, 'a131', '201906', '2019-06-07', '56.00', 7),
(19, 'a131', '201906', '2019-06-15', '387.00', 1),
(20, 'a131', '201906', '2019-06-16', '28.00', 3),
(21, 'a131', '201906', '2019-06-07', '603.00', 2),
(22, 'a131', '201907', '2019-07-13', '149.00', 1),
(23, 'a131', '201907', '2019-07-26', '68.00', 1),
(24, 'a131', '201907', '2019-07-01', '660.00', 8),
(25, 'a131', '201908', '2019-08-02', '72.00', 9),
(26, 'a131', '201908', '2019-08-20', '178.00', 1),
(27, 'a131', '201908', '2019-08-16', '37.00', 9),
(28, 'a131', '201908', '2019-08-26', '289.00', 10),
(29, 'a131', '201908', '2019-08-28', '174.00', 4),
(30, 'a131', '201908', '2019-08-06', '424.00', 2),
(31, 'a131', '201909', '2019-09-26', '51.00', 9),
(32, 'a131', '201909', '2019-09-24', '22.00', 9),
(33, 'a131', '201910', '2019-10-13', '139.00', 4),
(34, 'a17', '201901', '2019-01-19', '36.00', 5),
(35, 'a17', '201901', '2019-01-05', '18.00', 3),
(36, 'a17', '201901', '2019-01-15', '432.00', 8),
(37, 'a17', '201901', '2019-01-18', '596.00', 8),
(38, 'a17', '201901', '2019-01-27', '468.00', 10),
(39, 'a17', '201902', '2019-02-19', '396.00', 2),
(40, 'a17', '201902', '2019-02-08', '49.00', 5),
(41, 'a17', '201902', '2019-02-09', '27.00', 3),
(42, 'a17', '201902', '2019-02-24', '31.00', 5),
(43, 'a17', '201902', '2019-02-20', '376.00', 6),
(44, 'a17', '201902', '2019-02-17', '494.00', 10),
(45, 'a17', '201903', '2019-03-07', '46.00', 5),
(46, 'a17', '201903', '2019-03-06', '336.00', 1),
(47, 'a17', '201903', '2019-03-07', '222.00', 2),
(48, 'a17', '201904', '2019-04-16', '100.00', 7),
(49, 'a17', '201905', '2019-05-17', '187.00', 4),
(50, 'a17', '201905', '2019-05-13', '389.00', 6),
(51, 'a17', '201905', '2019-05-27', '38.00', 3),
(52, 'a17', '201905', '2019-05-12', '308.00', 1),
(53, 'a17', '201905', '2019-05-03', '258.00', 1),
(54, 'a17', '201906', '2019-06-16', '456.00', 2),
(55, 'a17', '201906', '2019-06-22', '20.00', 3),
(56, 'a17', '201907', '2019-07-23', '58.00', 7),
(57, 'a17', '201907', '2019-07-05', '311.00', 10),
(58, 'a17', '201907', '2019-07-13', '26.00', 9),
(59, 'a17', '201908', '2019-08-22', '46.00', 5),
(60, 'a17', '201908', '2019-08-06', '263.00', 8),
(61, 'a17', '201909', '2019-09-27', '279.00', 6),
(62, 'a17', '201909', '2019-09-02', '274.00', 8),
(63, 'a17', '201910', '2019-10-02', '50.00', 5),
(64, 'a17', '201910', '2019-10-21', '132.00', 7),
(65, 'a55', '201901', '2019-01-11', '34.00', 5),
(66, 'a55', '201901', '2019-01-15', '611.00', 2),
(67, 'a55', '201901', '2019-01-15', '78.00', 4),
(68, 'a55', '201901', '2019-01-08', '13.00', 3),
(69, 'a55', '201901', '2019-01-25', '203.00', 6),
(70, 'a55', '201902', '2019-02-12', '1136.00', 10),
(71, 'a55', '201902', '2019-02-15', '38.00', 7),
(72, 'a55', '201902', '2019-02-26', '317.00', 2),
(73, 'a55', '201902', '2019-02-10', '37.00', 6),
(74, 'a55', '201902', '2019-02-19', '61.00', 9),
(75, 'a55', '201903', '2019-03-22', '414.00', 8),
(76, 'a55', '201903', '2019-03-19', '370.00', 1),
(77, 'a55', '201903', '2019-03-11', '172.00', 1),
(78, 'a55', '201903', '2019-03-27', '340.00', 2),
(79, 'a55', '201904', '2019-04-04', '30.00', 3),
(80, 'a55', '201904', '2019-04-12', '1193.00', 10),
(81, 'a55', '201904', '2019-04-28', '345.00', 8),
(82, 'a55', '201905', '2019-05-09', '46.00', 3),
(83, 'a55', '201906', '2019-06-22', '80.00', 7),
(84, 'a55', '201906', '2019-06-05', '160.00', 2),
(85, 'a55', '201907', '2019-07-02', '26.00', 6),
(86, 'a55', '201907', '2019-07-04', '110.00', 7),
(87, 'a55', '201908', '2019-08-28', '662.00', 8),
(88, 'a55', '201908', '2019-08-15', '46.00', 3),
(89, 'a55', '201909', '2019-09-23', '10.00', 3),
(90, 'a55', '201910', '2019-10-08', '265.00', 4),
(91, 'a55', '201910', '2019-10-02', '124.00', 4),
(92, 'a55', '201910', '2019-10-07', '74.00', 9),
(93, 'a93', '201901', '2019-01-09', '114.00', 4),
(94, 'a93', '201902', '2019-02-24', '313.00', 4),
(95, 'a93', '201902', '2019-02-07', '37.00', 9),
(96, 'a93', '201902', '2019-02-03', '622.00', 2),
(97, 'a93', '201903', '2019-03-04', '80.00', 9),
(98, 'a93', '201903', '2019-03-11', '725.00', 8),
(99, 'a93', '201903', '2019-03-09', '31.00', 3),
(100, 'a93', '201904', '2019-04-06', '92.00', 6),
(101, 'a93', '201904', '2019-04-26', '274.00', 2),
(102, 'a93', '201904', '2019-04-06', '439.00', 1),
(103, 'a93', '201905', '2019-05-02', '279.00', 2),
(104, 'a93', '201905', '2019-05-11', '1143.00', 10),
(105, 'a93', '201905', '2019-05-20', '479.00', 8),
(106, 'a93', '201906', '2019-06-10', '44.00', 1),
(107, 'a93', '201906', '2019-06-07', '242.00', 6),
(108, 'a93', '201906', '2019-06-16', '255.00', 1),
(109, 'a93', '201906', '2019-06-14', '336.00', 1),
(110, 'a93', '201907', '2019-07-27', '76.00', 1),
(111, 'a93', '201907', '2019-07-23', '391.00', 2),
(112, 'a93', '201907', '2019-07-08', '431.00', 2),
(113, 'a93', '201907', '2019-07-20', '275.00', 6),
(114, 'a93', '201908', '2019-08-19', '70.00', 7),
(115, 'a93', '201909', '2019-09-06', '203.00', 1),
(116, 'a93', '201909', '2019-09-05', '164.00', 6),
(117, 'a93', '201909', '2019-09-07', '291.00', 6),
(118, 'a93', '201909', '2019-09-09', '49.00', 4),
(119, 'a93', '201909', '2019-09-06', '349.00', 8),
(120, 'a93', '201910', '2019-10-16', '185.00', 8),
(121, 'a93', '201910', '2019-10-28', '76.00', 7),
(122, 'b13', '201901', '2019-01-12', '328.00', 4),
(123, 'b13', '201901', '2019-01-20', '277.00', 4),
(124, 'b13', '201902', '2019-02-27', '42.00', 5),
(125, 'b13', '201902', '2019-02-21', '36.00', 3),
(126, 'b13', '201903', '2019-03-17', '67.00', 9),
(127, 'b13', '201904', '2019-04-07', '22.00', 3),
(128, 'b13', '201904', '2019-04-13', '27.00', 9),
(129, 'b13', '201905', '2019-05-09', '27.00', 9),
(130, 'b13', '201905', '2019-05-17', '280.00', 6),
(131, 'b13', '201905', '2019-05-05', '57.00', 9),
(132, 'b13', '201906', '2019-06-10', '57.00', 1),
(133, 'b13', '201906', '2019-06-16', '49.00', 3),
(134, 'b13', '201906', '2019-06-16', '48.00', 5),
(135, 'b13', '201906', '2019-06-15', '525.00', 2),
(136, 'b13', '201906', '2019-06-06', '80.00', 6),
(137, 'b13', '201907', '2019-07-18', '532.00', 8),
(138, 'b13', '201907', '2019-07-01', '31.00', 9),
(139, 'b13', '201907', '2019-07-18', '48.00', 9),
(140, 'b13', '201907', '2019-07-06', '471.00', 8),
(141, 'b13', '201908', '2019-08-06', '486.00', 2),
(142, 'b13', '201908', '2019-08-08', '665.00', 8),
(143, 'b13', '201909', '2019-09-23', '573.00', 8),
(144, 'b13', '201909', '2019-09-12', '46.00', 5),
(145, 'b13', '201909', '2019-09-25', '576.00', 2),
(146, 'b13', '201910', '2019-10-22', '34.00', 3),
(147, 'b13', '201910', '2019-10-15', '97.00', 7),
(148, 'b13', '201910', '2019-10-24', '41.00', 9),
(149, 'b16', '201901', '2019-01-21', '595.00', 10),
(150, 'b16', '201901', '2019-01-18', '357.00', 1),
(151, 'b16', '201901', '2019-01-07', '41.00', 3),
(152, 'b16', '201901', '2019-01-28', '102.00', 6),
(153, 'b16', '201901', '2019-01-22', '38.00', 3),
(154, 'b16', '201901', '2019-01-20', '49.00', 9),
(155, 'b16', '201902', '2019-02-25', '148.00', 7),
(156, 'b16', '201902', '2019-02-05', '640.00', 8),
(157, 'b16', '201902', '2019-02-21', '417.00', 6),
(158, 'b16', '201903', '2019-03-14', '159.00', 1),
(159, 'b16', '201903', '2019-03-14', '68.00', 7),
(160, 'b16', '201903', '2019-03-02', '76.00', 9),
(161, 'b16', '201904', '2019-04-19', '444.00', 2),
(162, 'b16', '201904', '2019-04-05', '575.00', 10),
(163, 'b16', '201904', '2019-04-09', '135.00', 7),
(164, 'b16', '201904', '2019-04-06', '39.00', 5),
(165, 'b16', '201904', '2019-04-06', '60.00', 9),
(166, 'b16', '201905', '2019-05-27', '315.00', 8),
(167, 'b16', '201905', '2019-05-03', '50.00', 5),
(168, 'b16', '201905', '2019-05-22', '73.00', 9),
(169, 'b16', '201905', '2019-05-07', '131.00', 7),
(170, 'b16', '201905', '2019-05-25', '566.00', 10),
(171, 'b16', '201905', '2019-05-27', '31.00', 5),
(172, 'b16', '201906', '2019-06-14', '43.00', 5),
(173, 'b16', '201906', '2019-06-17', '376.00', 4),
(174, 'b16', '201906', '2019-06-23', '31.00', 4),
(175, 'b16', '201906', '2019-06-28', '156.00', 2),
(176, 'b16', '201906', '2019-06-14', '648.00', 8),
(177, 'b16', '201906', '2019-06-13', '1140.00', 10),
(178, 'b16', '201907', '2019-07-27', '335.00', 8),
(179, 'b16', '201907', '2019-07-13', '497.00', 8),
(180, 'b16', '201908', '2019-08-14', '271.00', 6),
(181, 'b16', '201908', '2019-08-14', '500.00', 2),
(182, 'b16', '201908', '2019-08-12', '536.00', 8),
(183, 'b16', '201908', '2019-08-04', '607.00', 8),
(184, 'b16', '201908', '2019-08-04', '79.00', 9),
(185, 'b16', '201909', '2019-09-01', '290.00', 4),
(186, 'b16', '201909', '2019-09-17', '412.00', 4),
(187, 'b16', '201909', '2019-09-25', '75.00', 9),
(188, 'b16', '201909', '2019-09-11', '165.00', 6),
(189, 'b16', '201910', '2019-10-07', '21.00', 9),
(190, 'b16', '201910', '2019-10-14', '82.00', 4),
(191, 'b19', '201901', '2019-01-24', '65.00', 9),
(192, 'b19', '201901', '2019-01-09', '107.00', 7),
(193, 'b19', '201901', '2019-01-14', '341.00', 10),
(194, 'b19', '201901', '2019-01-13', '330.00', 1),
(195, 'b19', '201901', '2019-01-12', '402.00', 1),
(196, 'b19', '201902', '2019-02-24', '148.00', 6),
(197, 'b19', '201902', '2019-02-14', '33.00', 5),
(198, 'b19', '201902', '2019-02-15', '35.00', 5),
(199, 'b19', '201903', '2019-03-18', '41.00', 3),
(200, 'b19', '201904', '2019-04-17', '66.00', 7),
(201, 'b19', '201904', '2019-04-15', '502.00', 2),
(202, 'b19', '201904', '2019-04-25', '84.00', 7),
(203, 'b19', '201905', '2019-05-28', '391.00', 1),
(204, 'b19', '201905', '2019-05-15', '97.00', 1),
(205, 'b19', '201905', '2019-05-17', '604.00', 2),
(206, 'b19', '201905', '2019-05-17', '48.00', 9),
(207, 'b19', '201905', '2019-05-01', '26.00', 9),
(208, 'b19', '201906', '2019-06-14', '38.00', 3),
(209, 'b19', '201906', '2019-06-18', '249.00', 8),
(210, 'b19', '201906', '2019-06-25', '275.00', 4),
(211, 'b19', '201907', '2019-07-26', '317.00', 4),
(212, 'b19', '201907', '2019-07-20', '39.00', 5),
(213, 'b19', '201907', '2019-07-21', '976.00', 10),
(214, 'b19', '201908', '2019-08-16', '433.00', 10),
(215, 'b19', '201908', '2019-08-08', '104.00', 7),
(216, 'b19', '201908', '2019-08-16', '221.00', 2),
(217, 'b19', '201908', '2019-08-27', '55.00', 7),
(218, 'b19', '201908', '2019-08-09', '955.00', 10),
(219, 'b19', '201909', '2019-09-03', '294.00', 2),
(220, 'b19', '201910', '2019-10-25', '650.00', 2),
(221, 'b25', '201901', '2019-01-23', '571.00', 2),
(222, 'b25', '201901', '2019-01-08', '50.00', 5),
(223, 'b25', '201901', '2019-01-19', '343.00', 2),
(224, 'b25', '201901', '2019-01-26', '56.00', 7),
(225, 'b25', '201902', '2019-02-02', '26.00', 9),
(226, 'b25', '201902', '2019-02-10', '56.00', 9),
(227, 'b25', '201902', '2019-02-07', '29.00', 9),
(228, 'b25', '201902', '2019-02-01', '964.00', 10),
(229, 'b25', '201902', '2019-02-19', '32.00', 9),
(230, 'b25', '201903', '2019-03-12', '71.00', 7),
(231, 'b25', '201903', '2019-03-14', '816.00', 10),
(232, 'b25', '201903', '2019-03-18', '136.00', 7),
(233, 'b25', '201903', '2019-03-09', '41.00', 3),
(234, 'b25', '201903', '2019-03-07', '259.00', 8),
(235, 'b25', '201904', '2019-04-18', '288.00', 10),
(236, 'b25', '201904', '2019-04-25', '607.00', 10),
(237, 'b25', '201904', '2019-04-20', '217.00', 4),
(238, 'b25', '201904', '2019-04-10', '312.00', 6),
(239, 'b25', '201905', '2019-05-14', '989.00', 10),
(240, 'b25', '201905', '2019-05-13', '10.00', 3),
(241, 'b25', '201905', '2019-05-03', '390.00', 4),
(242, 'b25', '201905', '2019-05-10', '41.00', 3),
(243, 'b25', '201905', '2019-05-26', '31.00', 5),
(244, 'b25', '201905', '2019-05-09', '243.00', 1),
(245, 'b25', '201906', '2019-06-04', '343.00', 10),
(246, 'b25', '201906', '2019-06-26', '34.00', 3),
(247, 'b25', '201907', '2019-07-07', '50.00', 5),
(248, 'b25', '201907', '2019-07-21', '187.00', 1),
(249, 'b25', '201907', '2019-07-09', '143.00', 2),
(250, 'b25', '201908', '2019-08-20', '36.00', 5),
(251, 'b25', '201908', '2019-08-10', '480.00', 2),
(252, 'b25', '201908', '2019-08-06', '344.00', 1),
(253, 'b25', '201908', '2019-08-01', '131.00', 4),
(254, 'b25', '201908', '2019-08-12', '41.00', 5),
(255, 'b25', '201908', '2019-08-18', '29.00', 9),
(256, 'b25', '201909', '2019-09-19', '151.00', 4),
(257, 'b25', '201909', '2019-09-27', '30.00', 5),
(258, 'b25', '201909', '2019-09-28', '38.00', 5),
(259, 'b25', '201910', '2019-10-28', '127.00', 7),
(260, 'b25', '201910', '2019-10-08', '388.00', 2),
(261, 'b25', '201910', '2019-10-03', '382.00', 4),
(262, 'b28', '201901', '2019-01-09', '34.00', 1),
(263, 'b28', '201901', '2019-01-09', '1054.00', 10),
(264, 'b28', '201901', '2019-01-25', '155.00', 6),
(265, 'b28', '201902', '2019-02-03', '481.00', 2),
(266, 'b28', '201903', '2019-03-27', '357.00', 2),
(267, 'b28', '201903', '2019-03-10', '643.00', 8),
(268, 'b28', '201903', '2019-03-16', '194.00', 8),
(269, 'b28', '201903', '2019-03-03', '25.00', 9),
(270, 'b28', '201903', '2019-03-15', '713.00', 8),
(271, 'b28', '201903', '2019-03-20', '349.00', 1),
(272, 'b28', '201904', '2019-04-09', '735.00', 8),
(273, 'b28', '201905', '2019-05-19', '1110.00', 10),
(274, 'b28', '201905', '2019-05-10', '74.00', 9),
(275, 'b28', '201905', '2019-05-21', '111.00', 7),
(276, 'b28', '201906', '2019-06-10', '416.00', 6),
(277, 'b28', '201906', '2019-06-02', '323.00', 4),
(278, 'b28', '201907', '2019-07-28', '50.00', 5),
(279, 'b28', '201907', '2019-07-01', '154.00', 1),
(280, 'b28', '201907', '2019-07-05', '650.00', 2),
(281, 'b28', '201907', '2019-07-11', '36.00', 9),
(282, 'b28', '201908', '2019-08-01', '388.00', 6),
(283, 'b28', '201908', '2019-08-06', '13.00', 3),
(284, 'b28', '201908', '2019-08-07', '336.00', 1),
(285, 'b28', '201909', '2019-09-01', '29.00', 3),
(286, 'b28', '201910', '2019-10-05', '560.00', 10),
(287, 'b28', '201910', '2019-10-18', '68.00', 9),
(288, 'b34', '201901', '2019-01-20', '48.00', 1),
(289, 'b34', '201901', '2019-01-27', '149.00', 7),
(290, 'b34', '201901', '2019-01-08', '365.00', 1),
(291, 'b34', '201902', '2019-02-24', '78.00', 9),
(292, 'b34', '201902', '2019-02-08', '162.00', 6),
(293, 'b34', '201902', '2019-02-02', '449.00', 4),
(294, 'b34', '201903', '2019-03-10', '37.00', 4),
(295, 'b34', '201904', '2019-04-17', '218.00', 2),
(296, 'b34', '201904', '2019-04-09', '41.00', 3),
(297, 'b34', '201904', '2019-04-02', '44.00', 5),
(298, 'b34', '201904', '2019-04-19', '544.00', 8),
(299, 'b34', '201905', '2019-05-21', '398.00', 4),
(300, 'b34', '201905', '2019-05-12', '152.00', 1),
(301, 'b34', '201905', '2019-05-19', '666.00', 10),
(302, 'b34', '201906', '2019-06-28', '47.00', 3),
(303, 'b34', '201907', '2019-07-13', '59.00', 9),
(304, 'b34', '201907', '2019-07-06', '46.00', 5),
(305, 'b34', '201907', '2019-07-21', '1013.00', 10),
(306, 'b34', '201908', '2019-08-07', '730.00', 10),
(307, 'b34', '201908', '2019-08-14', '91.00', 6),
(308, 'b34', '201908', '2019-08-28', '107.00', 7),
(309, 'b34', '201908', '2019-08-14', '40.00', 5),
(310, 'b34', '201909', '2019-09-22', '365.00', 6),
(311, 'b34', '201910', '2019-10-26', '307.00', 1),
(312, 'b34', '201910', '2019-10-19', '59.00', 9),
(313, 'b4', '201901', '2019-01-03', '144.00', 4),
(314, 'b4', '201901', '2019-01-08', '562.00', 8),
(315, 'b4', '201901', '2019-01-09', '1014.00', 10),
(316, 'b4', '201901', '2019-01-26', '28.00', 3),
(317, 'b4', '201902', '2019-02-18', '470.00', 2),
(318, 'b4', '201902', '2019-02-20', '50.00', 5),
(319, 'b4', '201902', '2019-02-28', '50.00', 3),
(320, 'b4', '201903', '2019-03-14', '262.00', 10),
(321, 'b4', '201903', '2019-03-16', '209.00', 6),
(322, 'b4', '201903', '2019-03-09', '280.00', 4),
(323, 'b4', '201903', '2019-03-26', '63.00', 9),
(324, 'b4', '201904', '2019-04-26', '120.00', 7),
(325, 'b4', '201904', '2019-04-19', '83.00', 1),
(326, 'b4', '201904', '2019-04-19', '324.00', 4),
(327, 'b4', '201904', '2019-04-06', '326.00', 6),
(328, 'b4', '201904', '2019-04-24', '79.00', 6),
(329, 'b4', '201904', '2019-04-16', '42.00', 7),
(330, 'b4', '201905', '2019-05-25', '631.00', 2),
(331, 'b4', '201905', '2019-05-20', '140.00', 1),
(332, 'b4', '201905', '2019-05-15', '85.00', 7),
(333, 'b4', '201905', '2019-05-23', '185.00', 6),
(334, 'b4', '201906', '2019-06-16', '200.00', 8),
(335, 'b4', '201906', '2019-06-11', '36.00', 3),
(336, 'b4', '201907', '2019-07-19', '101.00', 6),
(337, 'b4', '201907', '2019-07-18', '804.00', 8),
(338, 'b4', '201908', '2019-08-21', '1180.00', 10),
(339, 'b4', '201908', '2019-08-23', '340.00', 4),
(340, 'b4', '201908', '2019-08-28', '244.00', 4),
(341, 'b4', '201908', '2019-08-11', '54.00', 9),
(342, 'b4', '201908', '2019-08-25', '669.00', 8),
(343, 'b4', '201909', '2019-09-26', '48.00', 5),
(344, 'b4', '201909', '2019-09-19', '61.00', 7),
(345, 'b4', '201909', '2019-09-08', '387.00', 8),
(346, 'b4', '201909', '2019-09-14', '343.00', 10),
(347, 'b4', '201910', '2019-10-09', '626.00', 2),
(348, 'b4', '201910', '2019-10-10', '43.00', 7),
(349, 'b4', '201910', '2019-10-17', '99.00', 7),
(350, 'b4', '201910', '2019-10-06', '290.00', 6),
(351, 'b50', '201901', '2019-01-25', '32.00', 3),
(352, 'b50', '201902', '2019-02-21', '131.00', 8),
(353, 'b50', '201902', '2019-02-16', '31.00', 3),
(354, 'b50', '201902', '2019-02-27', '42.00', 9),
(355, 'b50', '201902', '2019-02-20', '210.00', 2),
(356, 'b50', '201903', '2019-03-05', '419.00', 4),
(357, 'b50', '201903', '2019-03-02', '27.00', 3),
(358, 'b50', '201904', '2019-04-26', '33.00', 5),
(359, 'b50', '201904', '2019-04-18', '50.00', 5),
(360, 'b50', '201904', '2019-04-26', '106.00', 7),
(361, 'b50', '201904', '2019-04-12', '38.00', 5),
(362, 'b50', '201905', '2019-05-21', '437.00', 6),
(363, 'b50', '201905', '2019-05-21', '951.00', 10),
(364, 'b50', '201906', '2019-06-11', '12.00', 3),
(365, 'b50', '201906', '2019-06-07', '500.00', 8),
(366, 'b50', '201907', '2019-07-15', '32.00', 5),
(367, 'b50', '201907', '2019-07-01', '94.00', 1),
(368, 'b50', '201907', '2019-07-21', '209.00', 1),
(369, 'b50', '201907', '2019-07-08', '30.00', 9),
(370, 'b50', '201907', '2019-07-16', '127.00', 8),
(371, 'b50', '201908', '2019-08-10', '625.00', 10),
(372, 'b50', '201908', '2019-08-09', '382.00', 10),
(373, 'b50', '201908', '2019-08-12', '47.00', 5),
(374, 'b50', '201908', '2019-08-19', '52.00', 9),
(375, 'b50', '201909', '2019-09-19', '939.00', 10),
(376, 'b50', '201909', '2019-09-13', '151.00', 2),
(377, 'b50', '201909', '2019-09-16', '39.00', 5),
(378, 'b50', '201910', '2019-10-12', '126.00', 7),
(379, 'b50', '201910', '2019-10-03', '48.00', 5),
(380, 'b50', '201910', '2019-10-08', '36.00', 5),
(381, 'b50', '201910', '2019-10-28', '196.00', 2),
(382, 'b59', '201901', '2019-01-11', '174.00', 2),
(383, 'b59', '201902', '2019-02-25', '50.00', 5),
(384, 'b59', '201902', '2019-02-17', '75.00', 4),
(385, 'b59', '201902', '2019-02-27', '379.00', 6),
(386, 'b59', '201902', '2019-02-28', '137.00', 1),
(387, 'b59', '201903', '2019-03-28', '566.00', 10),
(388, 'b59', '201903', '2019-03-13', '276.00', 4),
(389, 'b59', '201903', '2019-03-24', '292.00', 4),
(390, 'b59', '201904', '2019-04-03', '604.00', 10),
(391, 'b59', '201904', '2019-04-28', '465.00', 8),
(392, 'b59', '201904', '2019-04-07', '73.00', 9),
(393, 'b59', '201904', '2019-04-04', '819.00', 8),
(394, 'b59', '201905', '2019-05-18', '436.00', 1),
(395, 'b59', '201906', '2019-06-15', '48.00', 9),
(396, 'b59', '201906', '2019-06-22', '36.00', 5),
(397, 'b59', '201907', '2019-07-19', '175.00', 4),
(398, 'b59', '201907', '2019-07-20', '46.00', 4),
(399, 'b59', '201908', '2019-08-07', '522.00', 8),
(400, 'b59', '201909', '2019-09-02', '21.00', 3),
(401, 'b59', '201909', '2019-09-17', '35.00', 3),
(402, 'b59', '201909', '2019-09-20', '27.00', 3),
(403, 'b59', '201909', '2019-09-13', '42.00', 4),
(404, 'b59', '201909', '2019-09-03', '292.00', 6),
(405, 'b59', '201909', '2019-09-08', '36.00', 7),
(406, 'b59', '201910', '2019-10-07', '31.00', 3),
(407, 'b59', '201910', '2019-10-10', '155.00', 6),
(408, 'b59', '201910', '2019-10-26', '324.00', 4),
(409, 'c14', '201901', '2019-01-10', '179.00', 6),
(410, 'c14', '201901', '2019-01-03', '348.00', 4),
(411, 'c14', '201901', '2019-01-13', '65.00', 9),
(412, 'c14', '201901', '2019-01-14', '105.00', 7),
(413, 'c14', '201901', '2019-01-15', '36.00', 5),
(414, 'c14', '201901', '2019-01-01', '34.00', 5),
(415, 'c14', '201902', '2019-02-02', '127.00', 1),
(416, 'c14', '201903', '2019-03-16', '33.00', 5),
(417, 'c14', '201903', '2019-03-17', '276.00', 6),
(418, 'c14', '201903', '2019-03-18', '71.00', 7),
(419, 'c14', '201903', '2019-03-03', '38.00', 5),
(420, 'c14', '201903', '2019-03-05', '25.00', 4),
(421, 'c14', '201904', '2019-04-11', '48.00', 5),
(422, 'c14', '201904', '2019-04-18', '617.00', 2),
(423, 'c14', '201904', '2019-04-11', '45.00', 5),
(424, 'c14', '201905', '2019-05-11', '51.00', 9),
(425, 'c14', '201905', '2019-05-21', '44.00', 3),
(426, 'c14', '201906', '2019-06-26', '45.00', 5),
(427, 'c14', '201906', '2019-06-03', '22.00', 3),
(428, 'c14', '201907', '2019-07-28', '383.00', 6),
(429, 'c14', '201907', '2019-07-05', '30.00', 3),
(430, 'c14', '201907', '2019-07-04', '1098.00', 10),
(431, 'c14', '201907', '2019-07-28', '232.00', 4),
(432, 'c14', '201907', '2019-07-28', '18.00', 3),
(433, 'c14', '201908', '2019-08-02', '686.00', 8),
(434, 'c14', '201908', '2019-08-22', '81.00', 7),
(435, 'c14', '201908', '2019-08-01', '37.00', 9),
(436, 'c14', '201908', '2019-08-23', '56.00', 7),
(437, 'c14', '201908', '2019-08-20', '441.00', 1),
(438, 'c14', '201909', '2019-09-06', '85.00', 6),
(439, 'c14', '201909', '2019-09-27', '60.00', 9),
(440, 'c14', '201909', '2019-09-06', '315.00', 8),
(441, 'c14', '201909', '2019-09-15', '744.00', 10),
(442, 'c14', '201910', '2019-10-28', '40.00', 1),
(443, 'c14', '201910', '2019-10-18', '119.00', 7),
(444, 'c14', '201910', '2019-10-10', '300.00', 1),
(445, 'c14', '201910', '2019-10-03', '35.00', 3),
(446, 'c3', '201901', '2019-01-05', '474.00', 2),
(447, 'c3', '201901', '2019-01-18', '988.00', 10),
(448, 'c3', '201902', '2019-02-24', '286.00', 4),
(449, 'c3', '201902', '2019-02-05', '722.00', 8),
(450, 'c3', '201902', '2019-02-01', '13.00', 3),
(451, 'c3', '201902', '2019-02-17', '67.00', 4),
(452, 'c3', '201903', '2019-03-03', '297.00', 1),
(453, 'c3', '201904', '2019-04-03', '423.00', 4),
(454, 'c3', '201904', '2019-04-12', '118.00', 1),
(455, 'c3', '201904', '2019-04-10', '35.00', 3),
(456, 'c3', '201904', '2019-04-06', '228.00', 6),
(457, 'c3', '201905', '2019-05-28', '39.00', 9),
(458, 'c3', '201905', '2019-05-11', '78.00', 9),
(459, 'c3', '201905', '2019-05-10', '66.00', 9),
(460, 'c3', '201905', '2019-05-10', '127.00', 7),
(461, 'c3', '201905', '2019-05-19', '61.00', 9),
(462, 'c3', '201907', '2019-07-01', '131.00', 1),
(463, 'c3', '201908', '2019-08-27', '35.00', 3),
(464, 'c3', '201909', '2019-09-22', '36.00', 5),
(465, 'c3', '201909', '2019-09-26', '107.00', 7),
(466, 'c3', '201910', '2019-10-18', '39.00', 5),
(467, 'c3', '201910', '2019-10-18', '65.00', 9),
(468, 'c3', '201910', '2019-10-25', '356.00', 1),
(469, 'c54', '201901', '2019-01-20', '569.00', 8),
(470, 'c54', '201901', '2019-01-07', '40.00', 9),
(471, 'c54', '201901', '2019-01-02', '417.00', 1),
(472, 'c54', '201901', '2019-01-15', '13.00', 3),
(473, 'c54', '201901', '2019-01-08', '690.00', 8),
(474, 'c54', '201901', '2019-01-20', '411.00', 8),
(475, 'c54', '201902', '2019-02-19', '33.00', 5),
(476, 'c54', '201903', '2019-03-15', '321.00', 2),
(477, 'c54', '201904', '2019-04-02', '130.00', 1),
(478, 'c54', '201904', '2019-04-12', '265.00', 1),
(479, 'c54', '201904', '2019-04-28', '251.00', 6),
(480, 'c54', '201904', '2019-04-19', '1069.00', 10),
(481, 'c54', '201905', '2019-05-02', '128.00', 6),
(482, 'c54', '201905', '2019-05-13', '226.00', 4),
(483, 'c54', '201906', '2019-06-13', '48.00', 5),
(484, 'c54', '201907', '2019-07-10', '54.00', 1),
(485, 'c54', '201907', '2019-07-22', '663.00', 10),
(486, 'c54', '201907', '2019-07-24', '835.00', 8),
(487, 'c54', '201908', '2019-08-07', '18.00', 3),
(488, 'c54', '201908', '2019-08-13', '632.00', 8),
(489, 'c54', '201908', '2019-08-02', '71.00', 9),
(490, 'c54', '201908', '2019-08-18', '259.00', 8),
(491, 'c54', '201910', '2019-10-08', '28.00', 9),
(492, 'd13', '201901', '2019-01-21', '42.00', 7),
(493, 'd13', '201901', '2019-01-10', '122.00', 8),
(494, 'd13', '201902', '2019-02-17', '575.00', 10),
(495, 'd13', '201903', '2019-03-14', '262.00', 6),
(496, 'd13', '201903', '2019-03-08', '158.00', 4),
(497, 'd13', '201903', '2019-03-01', '224.00', 1),
(498, 'd13', '201903', '2019-03-07', '54.00', 9),
(499, 'd13', '201904', '2019-04-15', '38.00', 5),
(500, 'd13', '201904', '2019-04-15', '607.00', 8),
(501, 'd13', '201904', '2019-04-06', '63.00', 9),
(502, 'd13', '201905', '2019-05-28', '632.00', 8),
(503, 'd13', '201906', '2019-06-03', '42.00', 3),
(504, 'd13', '201907', '2019-07-16', '249.00', 8),
(505, 'd13', '201908', '2019-08-16', '422.00', 1),
(506, 'd13', '201909', '2019-09-26', '30.00', 5),
(507, 'd13', '201909', '2019-09-15', '410.00', 6),
(508, 'd13', '201909', '2019-09-09', '446.00', 6),
(509, 'd13', '201910', '2019-10-11', '103.00', 7),
(510, 'd13', '201910', '2019-10-05', '44.00', 7),
(511, 'd13', '201910', '2019-10-02', '311.00', 1),
(512, 'd51', '201901', '2019-01-04', '164.00', 1),
(513, 'd51', '201901', '2019-01-26', '67.00', 4),
(514, 'd51', '201901', '2019-01-08', '49.00', 4),
(515, 'd51', '201901', '2019-01-21', '10.00', 3),
(516, 'd51', '201901', '2019-01-26', '93.00', 1),
(517, 'd51', '201902', '2019-02-13', '30.00', 7),
(518, 'd51', '201903', '2019-03-14', '264.00', 6),
(519, 'd51', '201903', '2019-03-22', '10.00', 3),
(520, 'd51', '201904', '2019-04-09', '32.00', 1),
(521, 'd51', '201904', '2019-04-08', '76.00', 7),
(522, 'd51', '201904', '2019-04-03', '73.00', 7),
(523, 'd51', '201904', '2019-04-22', '56.00', 6),
(524, 'd51', '201905', '2019-05-17', '25.00', 9),
(525, 'd51', '201906', '2019-06-03', '35.00', 5),
(526, 'd51', '201906', '2019-06-18', '40.00', 3),
(527, 'd51', '201906', '2019-06-23', '305.00', 1),
(528, 'd51', '201906', '2019-06-23', '47.00', 3),
(529, 'd51', '201906', '2019-06-18', '351.00', 2),
(530, 'd51', '201907', '2019-07-25', '61.00', 6),
(531, 'd51', '201907', '2019-07-03', '228.00', 2),
(532, 'd51', '201907', '2019-07-09', '1130.00', 10),
(533, 'd51', '201907', '2019-07-19', '186.00', 4),
(534, 'd51', '201908', '2019-08-13', '39.00', 3),
(535, 'd51', '201908', '2019-08-24', '89.00', 4),
(536, 'd51', '201908', '2019-08-24', '133.00', 4),
(537, 'd51', '201908', '2019-08-06', '277.00', 6),
(538, 'd51', '201908', '2019-08-02', '911.00', 10),
(539, 'd51', '201908', '2019-08-09', '50.00', 5),
(540, 'd51', '201909', '2019-09-22', '35.00', 9),
(541, 'd51', '201909', '2019-09-25', '143.00', 7),
(542, 'd51', '201909', '2019-09-14', '334.00', 2),
(543, 'd51', '201909', '2019-09-14', '32.00', 9),
(544, 'd51', '201909', '2019-09-16', '376.00', 1),
(545, 'd51', '201910', '2019-10-04', '255.00', 8),
(546, 'd51', '201910', '2019-10-17', '39.00', 5),
(547, 'd51', '201910', '2019-10-06', '418.00', 6),
(548, 'e22', '201901', '2019-01-10', '126.00', 7),
(549, 'e22', '201901', '2019-01-16', '19.00', 3),
(550, 'e22', '201902', '2019-02-14', '186.00', 1),
(551, 'e22', '201902', '2019-02-03', '132.00', 7),
(552, 'e22', '201902', '2019-02-09', '404.00', 2),
(553, 'e22', '201902', '2019-02-24', '343.00', 6),
(554, 'e22', '201902', '2019-02-11', '42.00', 9),
(555, 'e22', '201903', '2019-03-18', '26.00', 3),
(556, 'e22', '201903', '2019-03-26', '85.00', 7),
(557, 'e22', '201903', '2019-03-17', '80.00', 9),
(558, 'e22', '201904', '2019-04-10', '32.00', 5),
(559, 'e22', '201904', '2019-04-09', '378.00', 8),
(560, 'e22', '201904', '2019-04-25', '30.00', 7),
(561, 'e22', '201904', '2019-04-01', '421.00', 1),
(562, 'e22', '201904', '2019-04-02', '373.00', 4),
(563, 'e22', '201905', '2019-05-05', '40.00', 9),
(564, 'e22', '201905', '2019-05-24', '23.00', 3),
(565, 'e22', '201906', '2019-06-21', '26.00', 3),
(566, 'e22', '201906', '2019-06-21', '602.00', 10),
(567, 'e22', '201906', '2019-06-19', '56.00', 9),
(568, 'e22', '201906', '2019-06-16', '135.00', 7),
(569, 'e22', '201906', '2019-06-28', '799.00', 8),
(570, 'e22', '201907', '2019-07-17', '302.00', 1),
(571, 'e22', '201907', '2019-07-08', '41.00', 1),
(572, 'e22', '201908', '2019-08-19', '49.00', 5),
(573, 'e22', '201908', '2019-08-09', '924.00', 10),
(574, 'e22', '201909', '2019-09-27', '385.00', 6),
(575, 'e22', '201909', '2019-09-23', '63.00', 9),
(576, 'e22', '201909', '2019-09-04', '32.00', 5),
(577, 'e22', '201910', '2019-10-17', '1195.00', 10),
(578, 'e24', '201901', '2019-01-08', '265.00', 1),
(579, 'e24', '201902', '2019-02-06', '123.00', 8),
(580, 'e24', '201902', '2019-02-04', '435.00', 6),
(581, 'e24', '201902', '2019-02-13', '120.00', 4),
(582, 'e24', '201903', '2019-03-25', '502.00', 8),
(583, 'e24', '201904', '2019-04-24', '301.00', 6),
(584, 'e24', '201905', '2019-05-16', '281.00', 1),
(585, 'e24', '201905', '2019-05-03', '280.00', 6),
(586, 'e24', '201905', '2019-05-09', '157.00', 1),
(587, 'e24', '201906', '2019-06-27', '77.00', 9),
(588, 'e24', '201906', '2019-06-13', '45.00', 3),
(589, 'e24', '201906', '2019-06-19', '133.00', 1),
(590, 'e24', '201907', '2019-07-01', '29.00', 9),
(591, 'e24', '201907', '2019-07-15', '428.00', 10),
(592, 'e24', '201907', '2019-07-09', '461.00', 2),
(593, 'e24', '201907', '2019-07-17', '124.00', 4),
(594, 'e24', '201908', '2019-08-21', '217.00', 4),
(595, 'e24', '201908', '2019-08-12', '179.00', 4),
(596, 'e24', '201908', '2019-08-12', '24.00', 3),
(597, 'e24', '201908', '2019-08-10', '228.00', 4),
(598, 'e24', '201908', '2019-08-23', '279.00', 4),
(599, 'e24', '201908', '2019-08-01', '849.00', 8),
(600, 'e24', '201909', '2019-09-10', '161.00', 6),
(601, 'e24', '201909', '2019-09-10', '217.00', 8),
(602, 'e24', '201909', '2019-09-21', '115.00', 1),
(603, 'e24', '201910', '2019-10-05', '67.00', 9),
(604, 'e24', '201910', '2019-10-24', '87.00', 7),
(605, 'e24', '201910', '2019-10-01', '463.00', 2),
(606, 'e24', '201910', '2019-10-19', '236.00', 2),
(607, 'e39', '201901', '2019-01-12', '488.00', 2),
(608, 'e39', '201901', '2019-01-02', '40.00', 3),
(609, 'e39', '201901', '2019-01-17', '819.00', 8),
(610, 'e39', '201902', '2019-02-07', '113.00', 7),
(611, 'e39', '201902', '2019-02-12', '167.00', 6),
(612, 'e39', '201903', '2019-03-23', '184.00', 4),
(613, 'e39', '201904', '2019-04-07', '54.00', 6),
(614, 'e39', '201904', '2019-04-04', '20.00', 9),
(615, 'e39', '201904', '2019-04-09', '704.00', 10),
(616, 'e39', '201904', '2019-04-01', '32.00', 5),
(617, 'e39', '201904', '2019-04-01', '606.00', 8),
(618, 'e39', '201904', '2019-04-21', '71.00', 7),
(619, 'e39', '201905', '2019-05-04', '42.00', 3),
(620, 'e39', '201905', '2019-05-05', '39.00', 5),
(621, 'e39', '201905', '2019-05-20', '281.00', 10),
(622, 'e39', '201905', '2019-05-08', '59.00', 9),
(623, 'e39', '201906', '2019-06-15', '252.00', 1),
(624, 'e39', '201907', '2019-07-27', '73.00', 4),
(625, 'e39', '201907', '2019-07-25', '260.00', 4),
(626, 'e39', '201907', '2019-07-02', '610.00', 2),
(627, 'e39', '201908', '2019-08-27', '99.00', 4),
(628, 'e39', '201908', '2019-08-06', '254.00', 4),
(629, 'e39', '201909', '2019-09-28', '41.00', 5),
(630, 'e39', '201909', '2019-09-09', '51.00', 9),
(631, 'e39', '201909', '2019-09-15', '489.00', 2),
(632, 'e39', '201909', '2019-09-28', '32.00', 5),
(633, 'e39', '201909', '2019-09-24', '345.00', 1),
(634, 'e39', '201910', '2019-10-17', '287.00', 6),
(635, 'e39', '201910', '2019-10-10', '10.00', 3),
(636, 'e39', '201910', '2019-10-14', '10.00', 3),
(637, 'e49', '201901', '2019-01-28', '820.00', 8),
(638, 'e49', '201901', '2019-01-15', '17.00', 3),
(639, 'e49', '201901', '2019-01-03', '34.00', 7),
(640, 'e49', '201902', '2019-02-10', '264.00', 6),
(641, 'e49', '201902', '2019-02-04', '13.00', 3),
(642, 'e49', '201902', '2019-02-01', '169.00', 1),
(643, 'e49', '201903', '2019-03-03', '636.00', 2),
(644, 'e49', '201903', '2019-03-05', '622.00', 2),
(645, 'e49', '201903', '2019-03-02', '374.00', 2),
(646, 'e49', '201903', '2019-03-08', '590.00', 10),
(647, 'e49', '201903', '2019-03-07', '11.00', 3),
(648, 'e49', '201903', '2019-03-06', '25.00', 6),
(649, 'e49', '201904', '2019-04-08', '233.00', 6),
(650, 'e49', '201905', '2019-05-11', '279.00', 8),
(651, 'e49', '201905', '2019-05-11', '266.00', 4),
(652, 'e49', '201905', '2019-05-23', '430.00', 6),
(653, 'e49', '201905', '2019-05-16', '45.00', 9),
(654, 'e49', '201906', '2019-06-18', '141.00', 1),
(655, 'e49', '201906', '2019-06-26', '150.00', 7),
(656, 'e49', '201907', '2019-07-21', '43.00', 3),
(657, 'e49', '201907', '2019-07-01', '251.00', 8),
(658, 'e49', '201907', '2019-07-16', '417.00', 1),
(659, 'e49', '201908', '2019-08-02', '40.00', 5),
(660, 'e49', '201908', '2019-08-04', '407.00', 8),
(661, 'e49', '201908', '2019-08-06', '984.00', 10),
(662, 'e49', '201908', '2019-08-10', '62.00', 7),
(663, 'e49', '201909', '2019-09-10', '40.00', 5),
(664, 'e49', '201909', '2019-09-25', '15.00', 3),
(665, 'e49', '201909', '2019-09-16', '30.00', 9),
(666, 'e49', '201909', '2019-09-26', '281.00', 6),
(667, 'e49', '201910', '2019-10-27', '154.00', 8),
(668, 'e49', '201910', '2019-10-20', '47.00', 3),
(669, 'e49', '201910', '2019-10-11', '312.00', 4),
(670, 'e49', '201910', '2019-10-23', '43.00', 5),
(671, 'e49', '201910', '2019-10-27', '78.00', 1),
(672, 'e5', '201902', '2019-02-12', '828.00', 8),
(673, 'e5', '201902', '2019-02-14', '136.00', 6),
(674, 'e5', '201902', '2019-02-18', '342.00', 10),
(675, 'e5', '201902', '2019-02-03', '46.00', 5),
(676, 'e5', '201903', '2019-03-24', '1067.00', 10),
(677, 'e5', '201903', '2019-03-25', '393.00', 4),
(678, 'e5', '201903', '2019-03-27', '49.00', 5),
(679, 'e5', '201904', '2019-04-26', '44.00', 7),
(680, 'e5', '201904', '2019-04-16', '420.00', 4),
(681, 'e5', '201904', '2019-04-24', '574.00', 10),
(682, 'e5', '201905', '2019-05-02', '308.00', 10),
(683, 'e5', '201905', '2019-05-28', '46.00', 5),
(684, 'e5', '201905', '2019-05-20', '403.00', 6),
(685, 'e5', '201905', '2019-05-26', '39.00', 5),
(686, 'e5', '201906', '2019-06-07', '49.00', 9),
(687, 'e5', '201906', '2019-06-17', '254.00', 8),
(688, 'e5', '201906', '2019-06-28', '39.00', 5),
(689, 'e5', '201906', '2019-06-10', '158.00', 4),
(690, 'e5', '201906', '2019-06-19', '413.00', 2),
(691, 'e5', '201906', '2019-06-07', '33.00', 5),
(692, 'e5', '201907', '2019-07-13', '340.00', 6),
(693, 'e5', '201908', '2019-08-10', '386.00', 2),
(694, 'e5', '201908', '2019-08-13', '241.00', 8),
(695, 'e5', '201908', '2019-08-13', '916.00', 10),
(696, 'e5', '201909', '2019-09-24', '143.00', 7),
(697, 'e5', '201909', '2019-09-13', '72.00', 9),
(698, 'e5', '201909', '2019-09-28', '499.00', 8),
(699, 'e5', '201910', '2019-10-22', '241.00', 6),
(700, 'e5', '201910', '2019-10-12', '52.00', 1),
(701, 'e5', '201910', '2019-10-04', '194.00', 8),
(702, 'e5', '201910', '2019-10-10', '67.00', 7),
(703, 'e5', '201910', '2019-10-23', '60.00', 9),
(704, 'e52', '201901', '2019-01-10', '252.00', 2),
(705, 'e52', '201901', '2019-01-07', '27.00', 4),
(706, 'e52', '201902', '2019-02-27', '647.00', 8),
(707, 'e52', '201902', '2019-02-28', '64.00', 9),
(708, 'e52', '201903', '2019-03-20', '45.00', 3),
(709, 'e52', '201903', '2019-03-08', '482.00', 8),
(710, 'e52', '201903', '2019-03-23', '22.00', 3),
(711, 'e52', '201903', '2019-03-14', '495.00', 2),
(712, 'e52', '201903', '2019-03-20', '308.00', 10),
(713, 'e52', '201904', '2019-04-02', '269.00', 1),
(714, 'e52', '201904', '2019-04-18', '49.00', 5),
(715, 'e52', '201904', '2019-04-02', '47.00', 3),
(716, 'e52', '201904', '2019-04-25', '36.00', 3),
(717, 'e52', '201904', '2019-04-03', '313.00', 4),
(718, 'e52', '201905', '2019-05-27', '35.00', 5),
(719, 'e52', '201905', '2019-05-01', '500.00', 8),
(720, 'e52', '201905', '2019-05-22', '145.00', 7),
(721, 'e52', '201905', '2019-05-19', '142.00', 4),
(722, 'e52', '201905', '2019-05-21', '143.00', 1),
(723, 'e52', '201906', '2019-06-18', '47.00', 7),
(724, 'e52', '201906', '2019-06-24', '1097.00', 10),
(725, 'e52', '201906', '2019-06-18', '210.00', 6),
(726, 'e52', '201907', '2019-07-28', '100.00', 7),
(727, 'e52', '201907', '2019-07-16', '218.00', 6),
(728, 'e52', '201907', '2019-07-09', '553.00', 8),
(729, 'e52', '201907', '2019-07-22', '797.00', 10),
(730, 'e52', '201907', '2019-07-02', '106.00', 7),
(731, 'e52', '201907', '2019-07-22', '560.00', 8),
(732, 'e52', '201908', '2019-08-27', '610.00', 2),
(733, 'e52', '201908', '2019-08-16', '28.00', 3),
(734, 'e52', '201908', '2019-08-20', '1072.00', 10),
(735, 'e52', '201908', '2019-08-27', '59.00', 9),
(736, 'e52', '201908', '2019-08-22', '19.00', 3),
(737, 'e52', '201909', '2019-09-03', '135.00', 7),
(738, 'e52', '201910', '2019-10-02', '573.00', 2),
(739, 'f21', '201901', '2019-01-28', '52.00', 9),
(740, 'f21', '201902', '2019-02-23', '68.00', 9),
(741, 'f21', '201902', '2019-02-07', '624.00', 2),
(742, 'f21', '201902', '2019-02-06', '565.00', 8),
(743, 'f21', '201902', '2019-02-01', '28.00', 3),
(744, 'f21', '201902', '2019-02-01', '43.00', 5),
(745, 'f21', '201903', '2019-03-01', '83.00', 4),
(746, 'f21', '201903', '2019-03-09', '34.00', 9),
(747, 'f21', '201903', '2019-03-24', '40.00', 9),
(748, 'f21', '201903', '2019-03-04', '391.00', 1),
(749, 'f21', '201904', '2019-04-20', '406.00', 1),
(750, 'f21', '201904', '2019-04-09', '11.00', 3),
(751, 'f21', '201904', '2019-04-21', '404.00', 1),
(752, 'f21', '201904', '2019-04-27', '45.00', 5),
(753, 'f21', '201904', '2019-04-13', '83.00', 4),
(754, 'f21', '201904', '2019-04-26', '131.00', 7),
(755, 'f21', '201905', '2019-05-09', '119.00', 7),
(756, 'f21', '201905', '2019-05-04', '245.00', 6),
(757, 'f21', '201905', '2019-05-10', '38.00', 5),
(758, 'f21', '201905', '2019-05-18', '248.00', 8),
(759, 'f21', '201906', '2019-06-03', '1042.00', 10),
(760, 'f21', '201906', '2019-06-24', '63.00', 7),
(761, 'f21', '201906', '2019-06-17', '61.00', 9),
(762, 'f21', '201907', '2019-07-09', '62.00', 9),
(763, 'f21', '201907', '2019-07-26', '405.00', 1),
(764, 'f21', '201908', '2019-08-10', '144.00', 7),
(765, 'f21', '201909', '2019-09-02', '242.00', 4),
(766, 'f21', '201909', '2019-09-25', '100.00', 4),
(767, 'f21', '201910', '2019-10-01', '816.00', 8),
(768, 'f21', '201910', '2019-10-05', '199.00', 1),
(769, 'f21', '201910', '2019-10-11', '32.00', 5),
(770, 'f21', '201910', '2019-10-12', '440.00', 6),
(771, 'f21', '201910', '2019-10-13', '32.00', 9),
(772, 'f39', '201901', '2019-01-06', '235.00', 1),
(773, 'f39', '201901', '2019-01-25', '459.00', 2),
(774, 'f39', '201901', '2019-01-04', '44.00', 5),
(775, 'f39', '201901', '2019-01-02', '147.00', 2),
(776, 'f39', '201902', '2019-02-02', '84.00', 1),
(777, 'f39', '201902', '2019-02-03', '611.00', 2),
(778, 'f39', '201902', '2019-02-20', '161.00', 6),
(779, 'f39', '201902', '2019-02-21', '315.00', 1),
(780, 'f39', '201902', '2019-02-02', '36.00', 9),
(781, 'f39', '201902', '2019-02-05', '248.00', 6),
(782, 'f39', '201903', '2019-03-19', '127.00', 6),
(783, 'f39', '201904', '2019-04-13', '574.00', 8),
(784, 'f39', '201905', '2019-05-13', '743.00', 8),
(785, 'f39', '201905', '2019-05-18', '32.00', 5),
(786, 'f39', '201905', '2019-05-24', '46.00', 5),
(787, 'f39', '201906', '2019-06-19', '401.00', 2),
(788, 'f39', '201906', '2019-06-04', '615.00', 2),
(789, 'f39', '201906', '2019-06-26', '32.00', 9),
(790, 'f39', '201907', '2019-07-28', '151.00', 8),
(791, 'f39', '201908', '2019-08-23', '301.00', 1),
(792, 'f39', '201909', '2019-09-06', '204.00', 4),
(793, 'f39', '201909', '2019-09-01', '31.00', 5),
(794, 'f39', '201909', '2019-09-28', '772.00', 8),
(795, 'f39', '201910', '2019-10-09', '272.00', 4),
(796, 'f39', '201910', '2019-10-05', '38.00', 5),
(797, 'f39', '201910', '2019-10-09', '33.00', 5),
(798, 'f39', '201910', '2019-10-21', '261.00', 2),
(799, 'f39', '201910', '2019-10-17', '144.00', 2),
(800, 'f4', '201901', '2019-01-16', '114.00', 7),
(801, 'f4', '201902', '2019-02-02', '290.00', 10),
(802, 'f4', '201902', '2019-02-20', '16.00', 3),
(803, 'f4', '201903', '2019-03-25', '30.00', 9),
(804, 'f4', '201903', '2019-03-09', '14.00', 3),
(805, 'f4', '201903', '2019-03-26', '44.00', 5),
(806, 'f4', '201903', '2019-03-24', '994.00', 10),
(807, 'f4', '201903', '2019-03-16', '26.00', 9),
(808, 'f4', '201903', '2019-03-04', '383.00', 6),
(809, 'f4', '201904', '2019-04-25', '83.00', 1),
(810, 'f4', '201904', '2019-04-10', '131.00', 2),
(811, 'f4', '201904', '2019-04-11', '555.00', 2),
(812, 'f4', '201904', '2019-04-15', '15.00', 3),
(813, 'f4', '201904', '2019-04-03', '188.00', 1),
(814, 'f4', '201905', '2019-05-08', '239.00', 1),
(815, 'f4', '201905', '2019-05-04', '76.00', 1),
(816, 'f4', '201906', '2019-06-19', '390.00', 1),
(817, 'f4', '201907', '2019-07-10', '218.00', 2),
(818, 'f4', '201908', '2019-08-18', '546.00', 8),
(819, 'f4', '201908', '2019-08-13', '61.00', 7),
(820, 'f4', '201908', '2019-08-16', '62.00', 7),
(821, 'f4', '201908', '2019-08-24', '958.00', 10),
(822, 'f4', '201908', '2019-08-26', '224.00', 6),
(823, 'f4', '201908', '2019-08-24', '139.00', 1),
(824, 'f4', '201909', '2019-09-07', '59.00', 7),
(825, 'f4', '201909', '2019-09-16', '1047.00', 10),
(826, 'f4', '201909', '2019-09-15', '264.00', 2),
(827, 'f4', '201910', '2019-10-24', '28.00', 3);

-- --------------------------------------------------------

--
-- Structure de la table `typeutilisateur`
--

DROP TABLE IF EXISTS `typeutilisateur`;
CREATE TABLE IF NOT EXISTS `typeutilisateur` (
  `id` int(11) NOT NULL AUTO_INCREMENT,
  `libelle` varchar(100) NOT NULL,
  PRIMARY KEY (`id`)
) ENGINE=InnoDB AUTO_INCREMENT=5 DEFAULT CHARSET=latin1;

--
-- Déchargement des données de la table `typeutilisateur`
--

INSERT INTO `typeutilisateur` (`id`, `libelle`) VALUES
(1, 'Visiteur'),
(2, 'Comptable'),
(3, 'Administrateur'),
(4, 'directeur');

-- --------------------------------------------------------

--
-- Structure de la table `utilisateur`
--

DROP TABLE IF EXISTS `utilisateur`;
CREATE TABLE IF NOT EXISTS `utilisateur` (
  `id` char(4) NOT NULL,
  `nom` char(30) DEFAULT NULL,
  `prenom` char(30) DEFAULT NULL,
  `login` char(20) DEFAULT NULL,
  `mdp` char(20) DEFAULT NULL,
  `adresse` char(30) DEFAULT NULL,
  `cp` char(5) DEFAULT NULL,
  `ville` char(30) DEFAULT NULL,
  `dateEmbauche` date DEFAULT NULL,
  `dateDepart` datetime DEFAULT NULL,
  `actif` char(1) NOT NULL DEFAULT 'O',
  `idTypeUtilisateur` int(11) NOT NULL,
  PRIMARY KEY (`id`),
  KEY `idTypeUtilisateur` (`idTypeUtilisateur`)
) ENGINE=InnoDB DEFAULT CHARSET=latin1;

--
-- Déchargement des données de la table `utilisateur`
--

INSERT INTO `utilisateur` (`id`, `nom`, `prenom`, `login`, `mdp`, `adresse`, `cp`, `ville`, `dateEmbauche`, `dateDepart`, `actif`, `idTypeUtilisateur`) VALUES
('a131', 'Villechalane', 'Louis', 'lvillachane', '1234', '8 rue des Charmes', '46000', 'Cahors', '2005-12-21', NULL, 'O', 1),
('a17', 'Andre', 'David', 'dandre', '1234', '1 rue Petit', '46200', 'Lalbenque', '1998-11-23', NULL, 'O', 1),
('a380', 'Davion', 'Areaction', 'dareaction', '1234', '777-200ER', '16515', 'Boeing', '2014-03-08', NULL, 'O', 3),
('a55', 'Bedos', 'Christian', 'cbedos', '1234', '1 rue Peranud', '46250', 'Montcuq', '1995-01-12', NULL, 'O', 1),
('a93', 'Tusseau', 'Louis', 'ltusseau', '1234', '22 rue des Ternes', '46123', 'Gramat', '2000-05-01', NULL, 'N', 1),
('b13', 'Bentot', 'Pascal', 'pbentot', '1234', '11 allée des Cerises', '46512', 'Bessines', '1992-07-09', NULL, 'O', 1),
('b16', 'Bioret', 'Luc', 'lbioret', '1234', '1 Avenue gambetta', '46000', 'Cahors', '1998-05-11', NULL, 'O', 1),
('b19', 'Bunisset', 'Francis', 'fbunisset', '1234', '10 rue des Perles', '93100', 'Montreuil', '1987-10-21', '2013-09-01 00:00:00', 'O', 1),
('b25', 'Bunisset', 'Denise', 'dbunisset', '1234', '23 rue Manin', '75019', 'paris', '2010-12-05', NULL, 'O', 1),
('b28', 'Cacheux', 'Bernard', 'bcacheux', '1234', '114 rue Blanche', '75017', 'Paris', '2009-11-12', NULL, 'O', 1),
('b34', 'Cadic', 'Eric', 'ecadic', '1234', '123 avenue de la République', '75011', 'Paris', '2008-09-23', NULL, 'O', 1),
('b4', 'Charoze', 'Catherine', 'ccharoze', '1234', '100 rue Petit', '75019', 'Paris', '2005-11-12', NULL, 'O', 1),
('b50', 'Clepkens', 'Christophe', 'cclepkens', '1234', '12 allée des Anges', '93230', 'Romainville', '2003-08-11', NULL, 'O', 1),
('b59', 'Cottin', 'Vincenne', 'vcottin', '1234', '36 rue Des Roches', '93100', 'Monteuil', '2001-11-18', NULL, 'O', 1),
('c14', 'Daburon', 'François', 'fdaburon', '1234', '13 rue de Chanzy', '94000', 'Créteil', '2002-02-11', '2013-09-01 00:00:00', 'O', 1),
('c3', 'De', 'Philippe', 'pde', 'gk9kx', '13 rue Barthes', '94000', 'Créteil', '2010-12-14', NULL, 'O', 1),
('c54', 'Debelle', 'John', 'jdebelle', '1234', '181 avenue Barbusse', '93210', 'Rosny', '2006-11-23', NULL, 'O', 1),
('d13', 'Debelle', 'Jeanne', 'jdebelle', '1234', '134 allée des Joncs', '44000', 'Nantes', '2000-05-11', NULL, 'N', 1),
('d51', 'Debroise', 'Michel', 'mdebroise', '1234', '2 Bld Jourdain', '44000', 'Nantes', '2001-04-17', NULL, 'O', 1),
('e22', 'Desmarquest', 'Nathalie', 'ndesmarquest', '1234', '14 Place d Arc', '45000', 'Orléans', '2005-11-12', NULL, 'O', 1),
('e24', 'Desnost', 'Pierre', 'pdesnost', '1234', '16 avenue des Cèdres', '23200', 'Guéret', '2001-02-05', NULL, 'O', 1),
('e39', 'Dudouit', 'Frédéric', 'fdudouit', '1234', '18 rue de l église', '23120', 'GrandBourg', '2000-08-01', NULL, 'O', 1),
('e49', 'Duncombe', 'Claude', 'cduncombe', '1234', '19 rue de la tour', '23100', 'La souteraine', '1987-10-10', NULL, 'O', 1),
('e5', 'Enault-Pascreau', 'Céline', 'cenault', '1234', '25 place de la gare', '23200', 'Gueret', '1995-09-01', NULL, 'O', 1),
('e52', 'Eynde', 'Valérie', 'veynde', '1234', '3 Grand Place', '13015', 'Marseille', '1999-11-01', NULL, 'O', 1),
('f21', 'Finck', 'Jacques', 'jfinck', '1234', '10 avenue du Prado', '13002', 'Marseille', '2001-11-10', NULL, 'O', 1),
('f39', 'Frémont', 'Fernande', 'ffremont', '1234', '4 route de la mer', '13012', 'Allauh', '1998-10-01', NULL, 'O', 1),
('f4', 'Gest', 'Alain', 'agest', '1234', '30 avenue de la mer', '13025', 'Berre', '1985-11-01', NULL, 'O', 1),
('m619', 'loic', 'Madame', 'mloic', '1234', '11 rue de la cornemuse', '20256', 'demi-sel', '2019-11-01', NULL, 'O', 2);

-- --------------------------------------------------------

--
-- Doublure de structure pour la vue `visiteur`
-- (Voir ci-dessous la vue réelle)
--
DROP VIEW IF EXISTS `visiteur`;
CREATE TABLE IF NOT EXISTS `visiteur` (
`id` char(4)
,`nom` char(30)
,`prenom` char(30)
,`login` char(20)
,`mdp` char(20)
,`adresse` char(30)
,`cp` char(5)
,`ville` char(30)
,`dateEmbauche` date
,`dateDepart` datetime
,`actif` char(1)
,`idTypeUtilisateur` int(11)
);

-- --------------------------------------------------------

--
-- Structure de la vue `visiteur`
--
DROP TABLE IF EXISTS `visiteur`;

CREATE ALGORITHM=UNDEFINED DEFINER=`root`@`localhost` SQL SECURITY DEFINER VIEW `visiteur`  AS  select `utilisateur`.`id` AS `id`,`utilisateur`.`nom` AS `nom`,`utilisateur`.`prenom` AS `prenom`,`utilisateur`.`login` AS `login`,`utilisateur`.`mdp` AS `mdp`,`utilisateur`.`adresse` AS `adresse`,`utilisateur`.`cp` AS `cp`,`utilisateur`.`ville` AS `ville`,`utilisateur`.`dateEmbauche` AS `dateEmbauche`,`utilisateur`.`dateDepart` AS `dateDepart`,`utilisateur`.`actif` AS `actif`,`utilisateur`.`idTypeUtilisateur` AS `idTypeUtilisateur` from `utilisateur` where (`utilisateur`.`idTypeUtilisateur` = 1) ;

--
-- Contraintes pour les tables déchargées
--

--
-- Contraintes pour la table `fichefrais`
--
ALTER TABLE `fichefrais`
  ADD CONSTRAINT `fichefrais_ibfk_1` FOREIGN KEY (`idEtat`) REFERENCES `etat` (`id`),
  ADD CONSTRAINT `fichefrais_ibfk_2` FOREIGN KEY (`idVisiteur`) REFERENCES `utilisateur` (`id`);

--
-- Contraintes pour la table `lignefraisforfait`
--
ALTER TABLE `lignefraisforfait`
  ADD CONSTRAINT `lignefraisforfait_ibfk_1` FOREIGN KEY (`idVisiteur`,`mois`) REFERENCES `fichefrais` (`idVisiteur`, `mois`),
  ADD CONSTRAINT `lignefraisforfait_ibfk_2` FOREIGN KEY (`idFraisForfait`) REFERENCES `fraisforfait` (`id`);

--
-- Contraintes pour la table `lignefraishorsforfait`
--
ALTER TABLE `lignefraishorsforfait`
  ADD CONSTRAINT `fraishorsforfait_fk` FOREIGN KEY (`idFraisHorsForfait`) REFERENCES `fraishorsforfait` (`id`),
  ADD CONSTRAINT `lignefraishorsforfait_ibfk_1` FOREIGN KEY (`idVisiteur`,`mois`) REFERENCES `fichefrais` (`idVisiteur`, `mois`);

--
-- Contraintes pour la table `utilisateur`
--
ALTER TABLE `utilisateur`
  ADD CONSTRAINT `typeUtilisateur_FK` FOREIGN KEY (`idTypeUtilisateur`) REFERENCES `typeutilisateur` (`id`);
COMMIT;

/*!40101 SET CHARACTER_SET_CLIENT=@OLD_CHARACTER_SET_CLIENT */;
/*!40101 SET CHARACTER_SET_RESULTS=@OLD_CHARACTER_SET_RESULTS */;
/*!40101 SET COLLATION_CONNECTION=@OLD_COLLATION_CONNECTION */;
